

Microchip MPLAB XC8 Assembler V3.00 build 20241204225717 
                                                                                               Mon Jan 20 03:40:08 2025

Microchip MPLAB XC8 C Compiler v3.00 (Free license) build 20241204225717 Og1 
     1                           	processor	16F883
     2                           	pagewidth 120
     3                           	opt	flic
     4                           	psect	idataBANK0,global,class=CODE,space=0,delta=2,noexec
     5                           	psect	nvBANK0,global,class=BANK0,space=1,delta=1,noexec
     6                           	psect	strings,global,class=STRING,space=0,delta=2,noexec
     7                           	psect	cinit,global,class=CODE,space=0,merge=1,delta=2
     8                           	psect	bssBANK0,global,class=BANK0,space=1,delta=1,noexec
     9                           	psect	dataBANK0,global,class=BANK0,space=1,delta=1,noexec
    10                           	psect	bssBANK1,global,class=BANK1,space=1,delta=1,noexec
    11                           	psect	bssBANK2,global,class=BANK2,space=1,delta=1,noexec
    12                           	psect	clrtext,global,class=CODE,space=0,delta=2
    13                           	psect	cstackCOMMON,global,class=COMMON,space=1,delta=1,noexec
    14                           	psect	cstackBANK0,global,class=BANK0,space=1,delta=1,noexec
    15                           	psect	maintext,global,class=CODE,space=0,split=1,delta=2
    16                           	psect	text1,local,class=CODE,space=0,merge=1,delta=2
    17                           	psect	text2,local,class=CODE,space=0,merge=1,delta=2
    18                           	psect	text3,local,class=CODE,space=0,merge=1,delta=2
    19                           	psect	text4,local,class=CODE,space=0,merge=1,delta=2,group=3
    20                           	psect	text5,local,class=CODE,space=0,merge=1,delta=2,group=1
    21                           	psect	text6,local,class=CODE,space=0,merge=1,delta=2,group=1
    22                           	psect	text7,local,class=CODE,space=0,merge=1,delta=2,group=3
    23                           	psect	text8,local,class=CODE,space=0,merge=1,delta=2,group=3
    24                           	psect	text9,local,class=CODE,space=0,merge=1,delta=2,group=2
    25                           	psect	text10,local,class=CODE,space=0,merge=1,delta=2,group=2
    26                           	psect	text11,local,class=CODE,space=0,merge=1,delta=2
    27                           	psect	text12,local,class=CODE,space=0,merge=1,delta=2
    28                           	psect	text13,local,class=CODE,space=0,merge=1,delta=2
    29                           	psect	text14,local,class=CODE,space=0,merge=1,delta=2
    30                           	psect	text15,local,class=CODE,space=0,merge=1,delta=2
    31                           	psect	text16,local,class=CODE,space=0,merge=1,delta=2
    32                           	psect	text17,local,class=CODE,space=0,merge=1,delta=2
    33                           	psect	text18,local,class=CODE,space=0,merge=1,delta=2
    34                           	psect	text19,local,class=CODE,space=0,merge=1,delta=2,group=2
    35                           	psect	text20,local,class=CODE,space=0,merge=1,delta=2,group=2
    36                           	psect	text21,local,class=CODE,space=0,merge=1,delta=2
    37                           	psect	text22,local,class=CODE,space=0,merge=1,delta=2,group=2
    38                           	psect	text23,local,class=CODE,space=0,merge=1,delta=2
    39                           	psect	text24,local,class=CODE,space=0,merge=1,delta=2
    40                           	psect	intentry,global,class=CODE,space=0,delta=2
    41                           	psect	text25,local,class=CODE,space=0,merge=1,delta=2
    42                           	psect	text26,local,class=CODE,space=0,merge=1,delta=2
    43                           	psect	text27,local,class=CODE,space=0,merge=1,delta=2
    44                           	psect	text28,local,class=CODE,space=0,merge=1,delta=2
    45                           	psect	functab,global,class=ENTRY,space=0,delta=2
    46                           	dabs	1,0x7E,2
    47     0000                     
    48                           ; Generated 12/10/2023 GMT
    49                           ; 
    50                           ; Copyright © 2023, Microchip Technology Inc. and its subsidiaries ("Microchip")
    51                           ; All rights reserved.
    52                           ; 
    53                           ; This software is developed by Microchip Technology Inc. and its subsidiaries ("Microch
      +                          ip").
    54                           ; 
    55                           ; Redistribution and use in source and binary forms, with or without modification, are
    56                           ; permitted provided that the following conditions are met:
    57                           ; 
    58                           ;     1. Redistributions of source code must retain the above copyright notice, this lis
      +                          t of
    59                           ;        conditions and the following disclaimer.
    60                           ; 
    61                           ;     2. Redistributions in binary form must reproduce the above copyright notice, this 
      +                          list
    62                           ;        of conditions and the following disclaimer in the documentation and/or other
    63                           ;        materials provided with the distribution. Publication is not required when
    64                           ;        this file is used in an embedded application.
    65                           ; 
    66                           ;     3. Microchip's name may not be used to endorse or promote products derived from th
      +                          is
    67                           ;        software without specific prior written permission.
    68                           ; 
    69                           ; THIS SOFTWARE IS PROVIDED BY MICROCHIP "AS IS" AND ANY EXPRESS OR IMPLIED WARRANTIES,
    70                           ; INCLUDING, BUT NOT LIMITED TO, THE IMPLIED WARRANTIES OF MERCHANTABILITY AND FITNESS F
      +                          OR
    71                           ; PURPOSE ARE DISCLAIMED.  IN NO EVENT SHALL MICROCHIP BE LIABLE FOR ANY DIRECT, INDIREC
      +                          T,
    72                           ; INCIDENTAL, SPECIAL, EXEMPLARY, OR CONSEQUENTIAL DAMAGES (INCLUDING BUT NOT LIMITED TO
    73                           ; PROCUREMENT OF SUBSTITUTE GOODS OR SERVICES; LOSS OF USE, DATA OR PROFITS; OR BUSINESS
    74                           ; INTERRUPTION) HOWSOEVER CAUSED AND ON ANY THEORY OF LIABILITY, WHETHER IN CONTRACT, ST
      +                          RICT
    75                           ; LIABILITY, OR TORT (INCLUDING NEGLIGENCE OR OTHERWISE) ARISING IN ANY WAY OUT OF THE U
      +                          SE OF
    76                           ; THIS SOFTWARE, EVEN IF ADVISED OF THE POSSIBILITY OF SUCH DAMAGE.
    77                           ; 
    78                           ; 
    79                           ; Code-generator required, PIC16F883 Definitions
    80                           ; 
    81                           ; SFR Addresses
    82     0004                     fsr             equ	4
    83     0004                     fsr0            equ	4
    84     0000                     indf            equ	0
    85     0000                     indf0           equ	0
    86     0002                     pc              equ	2
    87     0002                     pcl             equ	2
    88     000A                     pclath          equ	10
    89     0003                     status          equ	3
    90     0000                     INDF            equ	0	;# 
    91     0001                     TMR0            equ	1	;# 
    92     0002                     PCL             equ	2	;# 
    93     0003                     STATUS          equ	3	;# 
    94     0004                     FSR             equ	4	;# 
    95     0005                     PORTA           equ	5	;# 
    96     0006                     PORTB           equ	6	;# 
    97     0007                     PORTC           equ	7	;# 
    98     0009                     PORTE           equ	9	;# 
    99     000A                     PCLATH          equ	10	;# 
   100     000B                     INTCON          equ	11	;# 
   101     000C                     PIR1            equ	12	;# 
   102     000D                     PIR2            equ	13	;# 
   103     000E                     TMR1            equ	14	;# 
   104     000E                     TMR1L           equ	14	;# 
   105     000F                     TMR1H           equ	15	;# 
   106     0010                     T1CON           equ	16	;# 
   107     0011                     TMR2            equ	17	;# 
   108     0012                     T2CON           equ	18	;# 
   109     0013                     SSPBUF          equ	19	;# 
   110     0014                     SSPCON          equ	20	;# 
   111     0015                     CCPR1           equ	21	;# 
   112     0015                     CCPR1L          equ	21	;# 
   113     0016                     CCPR1H          equ	22	;# 
   114     0017                     CCP1CON         equ	23	;# 
   115     0018                     RCSTA           equ	24	;# 
   116     0019                     TXREG           equ	25	;# 
   117     001A                     RCREG           equ	26	;# 
   118     001B                     CCPR2           equ	27	;# 
   119     001B                     CCPR2L          equ	27	;# 
   120     001C                     CCPR2H          equ	28	;# 
   121     001D                     CCP2CON         equ	29	;# 
   122     001E                     ADRESH          equ	30	;# 
   123     001F                     ADCON0          equ	31	;# 
   124     0081                     OPTION_REG      equ	129	;# 
   125     0085                     TRISA           equ	133	;# 
   126     0086                     TRISB           equ	134	;# 
   127     0087                     TRISC           equ	135	;# 
   128     0089                     TRISE           equ	137	;# 
   129     008C                     PIE1            equ	140	;# 
   130     008D                     PIE2            equ	141	;# 
   131     008E                     PCON            equ	142	;# 
   132     008F                     OSCCON          equ	143	;# 
   133     0090                     OSCTUNE         equ	144	;# 
   134     0091                     SSPCON2         equ	145	;# 
   135     0092                     PR2             equ	146	;# 
   136     0093                     SSPADD          equ	147	;# 
   137     0093                     SSPMSK          equ	147	;# 
   138     0093                     MSK             equ	147	;# 
   139     0094                     SSPSTAT         equ	148	;# 
   140     0095                     WPUB            equ	149	;# 
   141     0096                     IOCB            equ	150	;# 
   142     0097                     VRCON           equ	151	;# 
   143     0098                     TXSTA           equ	152	;# 
   144     0099                     SPBRG           equ	153	;# 
   145     009A                     SPBRGH          equ	154	;# 
   146     009B                     PWM1CON         equ	155	;# 
   147     009C                     ECCPAS          equ	156	;# 
   148     009D                     PSTRCON         equ	157	;# 
   149     009E                     ADRESL          equ	158	;# 
   150     009F                     ADCON1          equ	159	;# 
   151     0105                     WDTCON          equ	261	;# 
   152     0107                     CM1CON0         equ	263	;# 
   153     0108                     CM2CON0         equ	264	;# 
   154     0109                     CM2CON1         equ	265	;# 
   155     010C                     EEDATA          equ	268	;# 
   156     010C                     EEDAT           equ	268	;# 
   157     010D                     EEADR           equ	269	;# 
   158     010E                     EEDATH          equ	270	;# 
   159     010F                     EEADRH          equ	271	;# 
   160     0185                     SRCON           equ	389	;# 
   161     0187                     BAUDCTL         equ	391	;# 
   162     0188                     ANSEL           equ	392	;# 
   163     0189                     ANSELH          equ	393	;# 
   164     018C                     EECON1          equ	396	;# 
   165     018D                     EECON2          equ	397	;# 
   166     0000                     INDF            equ	0	;# 
   167     0001                     TMR0            equ	1	;# 
   168     0002                     PCL             equ	2	;# 
   169     0003                     STATUS          equ	3	;# 
   170     0004                     FSR             equ	4	;# 
   171     0005                     PORTA           equ	5	;# 
   172     0006                     PORTB           equ	6	;# 
   173     0007                     PORTC           equ	7	;# 
   174     0009                     PORTE           equ	9	;# 
   175     000A                     PCLATH          equ	10	;# 
   176     000B                     INTCON          equ	11	;# 
   177     000C                     PIR1            equ	12	;# 
   178     000D                     PIR2            equ	13	;# 
   179     000E                     TMR1            equ	14	;# 
   180     000E                     TMR1L           equ	14	;# 
   181     000F                     TMR1H           equ	15	;# 
   182     0010                     T1CON           equ	16	;# 
   183     0011                     TMR2            equ	17	;# 
   184     0012                     T2CON           equ	18	;# 
   185     0013                     SSPBUF          equ	19	;# 
   186     0014                     SSPCON          equ	20	;# 
   187     0015                     CCPR1           equ	21	;# 
   188     0015                     CCPR1L          equ	21	;# 
   189     0016                     CCPR1H          equ	22	;# 
   190     0017                     CCP1CON         equ	23	;# 
   191     0018                     RCSTA           equ	24	;# 
   192     0019                     TXREG           equ	25	;# 
   193     001A                     RCREG           equ	26	;# 
   194     001B                     CCPR2           equ	27	;# 
   195     001B                     CCPR2L          equ	27	;# 
   196     001C                     CCPR2H          equ	28	;# 
   197     001D                     CCP2CON         equ	29	;# 
   198     001E                     ADRESH          equ	30	;# 
   199     001F                     ADCON0          equ	31	;# 
   200     0081                     OPTION_REG      equ	129	;# 
   201     0085                     TRISA           equ	133	;# 
   202     0086                     TRISB           equ	134	;# 
   203     0087                     TRISC           equ	135	;# 
   204     0089                     TRISE           equ	137	;# 
   205     008C                     PIE1            equ	140	;# 
   206     008D                     PIE2            equ	141	;# 
   207     008E                     PCON            equ	142	;# 
   208     008F                     OSCCON          equ	143	;# 
   209     0090                     OSCTUNE         equ	144	;# 
   210     0091                     SSPCON2         equ	145	;# 
   211     0092                     PR2             equ	146	;# 
   212     0093                     SSPADD          equ	147	;# 
   213     0093                     SSPMSK          equ	147	;# 
   214     0093                     MSK             equ	147	;# 
   215     0094                     SSPSTAT         equ	148	;# 
   216     0095                     WPUB            equ	149	;# 
   217     0096                     IOCB            equ	150	;# 
   218     0097                     VRCON           equ	151	;# 
   219     0098                     TXSTA           equ	152	;# 
   220     0099                     SPBRG           equ	153	;# 
   221     009A                     SPBRGH          equ	154	;# 
   222     009B                     PWM1CON         equ	155	;# 
   223     009C                     ECCPAS          equ	156	;# 
   224     009D                     PSTRCON         equ	157	;# 
   225     009E                     ADRESL          equ	158	;# 
   226     009F                     ADCON1          equ	159	;# 
   227     0105                     WDTCON          equ	261	;# 
   228     0107                     CM1CON0         equ	263	;# 
   229     0108                     CM2CON0         equ	264	;# 
   230     0109                     CM2CON1         equ	265	;# 
   231     010C                     EEDATA          equ	268	;# 
   232     010C                     EEDAT           equ	268	;# 
   233     010D                     EEADR           equ	269	;# 
   234     010E                     EEDATH          equ	270	;# 
   235     010F                     EEADRH          equ	271	;# 
   236     0185                     SRCON           equ	389	;# 
   237     0187                     BAUDCTL         equ	391	;# 
   238     0188                     ANSEL           equ	392	;# 
   239     0189                     ANSELH          equ	393	;# 
   240     018C                     EECON1          equ	396	;# 
   241     018D                     EECON2          equ	397	;# 
   242     0000                     INDF            equ	0	;# 
   243     0001                     TMR0            equ	1	;# 
   244     0002                     PCL             equ	2	;# 
   245     0003                     STATUS          equ	3	;# 
   246     0004                     FSR             equ	4	;# 
   247     0005                     PORTA           equ	5	;# 
   248     0006                     PORTB           equ	6	;# 
   249     0007                     PORTC           equ	7	;# 
   250     0009                     PORTE           equ	9	;# 
   251     000A                     PCLATH          equ	10	;# 
   252     000B                     INTCON          equ	11	;# 
   253     000C                     PIR1            equ	12	;# 
   254     000D                     PIR2            equ	13	;# 
   255     000E                     TMR1            equ	14	;# 
   256     000E                     TMR1L           equ	14	;# 
   257     000F                     TMR1H           equ	15	;# 
   258     0010                     T1CON           equ	16	;# 
   259     0011                     TMR2            equ	17	;# 
   260     0012                     T2CON           equ	18	;# 
   261     0013                     SSPBUF          equ	19	;# 
   262     0014                     SSPCON          equ	20	;# 
   263     0015                     CCPR1           equ	21	;# 
   264     0015                     CCPR1L          equ	21	;# 
   265     0016                     CCPR1H          equ	22	;# 
   266     0017                     CCP1CON         equ	23	;# 
   267     0018                     RCSTA           equ	24	;# 
   268     0019                     TXREG           equ	25	;# 
   269     001A                     RCREG           equ	26	;# 
   270     001B                     CCPR2           equ	27	;# 
   271     001B                     CCPR2L          equ	27	;# 
   272     001C                     CCPR2H          equ	28	;# 
   273     001D                     CCP2CON         equ	29	;# 
   274     001E                     ADRESH          equ	30	;# 
   275     001F                     ADCON0          equ	31	;# 
   276     0081                     OPTION_REG      equ	129	;# 
   277     0085                     TRISA           equ	133	;# 
   278     0086                     TRISB           equ	134	;# 
   279     0087                     TRISC           equ	135	;# 
   280     0089                     TRISE           equ	137	;# 
   281     008C                     PIE1            equ	140	;# 
   282     008D                     PIE2            equ	141	;# 
   283     008E                     PCON            equ	142	;# 
   284     008F                     OSCCON          equ	143	;# 
   285     0090                     OSCTUNE         equ	144	;# 
   286     0091                     SSPCON2         equ	145	;# 
   287     0092                     PR2             equ	146	;# 
   288     0093                     SSPADD          equ	147	;# 
   289     0093                     SSPMSK          equ	147	;# 
   290     0093                     MSK             equ	147	;# 
   291     0094                     SSPSTAT         equ	148	;# 
   292     0095                     WPUB            equ	149	;# 
   293     0096                     IOCB            equ	150	;# 
   294     0097                     VRCON           equ	151	;# 
   295     0098                     TXSTA           equ	152	;# 
   296     0099                     SPBRG           equ	153	;# 
   297     009A                     SPBRGH          equ	154	;# 
   298     009B                     PWM1CON         equ	155	;# 
   299     009C                     ECCPAS          equ	156	;# 
   300     009D                     PSTRCON         equ	157	;# 
   301     009E                     ADRESL          equ	158	;# 
   302     009F                     ADCON1          equ	159	;# 
   303     0105                     WDTCON          equ	261	;# 
   304     0107                     CM1CON0         equ	263	;# 
   305     0108                     CM2CON0         equ	264	;# 
   306     0109                     CM2CON1         equ	265	;# 
   307     010C                     EEDATA          equ	268	;# 
   308     010C                     EEDAT           equ	268	;# 
   309     010D                     EEADR           equ	269	;# 
   310     010E                     EEDATH          equ	270	;# 
   311     010F                     EEADRH          equ	271	;# 
   312     0185                     SRCON           equ	389	;# 
   313     0187                     BAUDCTL         equ	391	;# 
   314     0188                     ANSEL           equ	392	;# 
   315     0189                     ANSELH          equ	393	;# 
   316     018C                     EECON1          equ	396	;# 
   317     018D                     EECON2          equ	397	;# 
   318     0000                     INDF            equ	0	;# 
   319     0001                     TMR0            equ	1	;# 
   320     0002                     PCL             equ	2	;# 
   321     0003                     STATUS          equ	3	;# 
   322     0004                     FSR             equ	4	;# 
   323     0005                     PORTA           equ	5	;# 
   324     0006                     PORTB           equ	6	;# 
   325     0007                     PORTC           equ	7	;# 
   326     0009                     PORTE           equ	9	;# 
   327     000A                     PCLATH          equ	10	;# 
   328     000B                     INTCON          equ	11	;# 
   329     000C                     PIR1            equ	12	;# 
   330     000D                     PIR2            equ	13	;# 
   331     000E                     TMR1            equ	14	;# 
   332     000E                     TMR1L           equ	14	;# 
   333     000F                     TMR1H           equ	15	;# 
   334     0010                     T1CON           equ	16	;# 
   335     0011                     TMR2            equ	17	;# 
   336     0012                     T2CON           equ	18	;# 
   337     0013                     SSPBUF          equ	19	;# 
   338     0014                     SSPCON          equ	20	;# 
   339     0015                     CCPR1           equ	21	;# 
   340     0015                     CCPR1L          equ	21	;# 
   341     0016                     CCPR1H          equ	22	;# 
   342     0017                     CCP1CON         equ	23	;# 
   343     0018                     RCSTA           equ	24	;# 
   344     0019                     TXREG           equ	25	;# 
   345     001A                     RCREG           equ	26	;# 
   346     001B                     CCPR2           equ	27	;# 
   347     001B                     CCPR2L          equ	27	;# 
   348     001C                     CCPR2H          equ	28	;# 
   349     001D                     CCP2CON         equ	29	;# 
   350     001E                     ADRESH          equ	30	;# 
   351     001F                     ADCON0          equ	31	;# 
   352     0081                     OPTION_REG      equ	129	;# 
   353     0085                     TRISA           equ	133	;# 
   354     0086                     TRISB           equ	134	;# 
   355     0087                     TRISC           equ	135	;# 
   356     0089                     TRISE           equ	137	;# 
   357     008C                     PIE1            equ	140	;# 
   358     008D                     PIE2            equ	141	;# 
   359     008E                     PCON            equ	142	;# 
   360     008F                     OSCCON          equ	143	;# 
   361     0090                     OSCTUNE         equ	144	;# 
   362     0091                     SSPCON2         equ	145	;# 
   363     0092                     PR2             equ	146	;# 
   364     0093                     SSPADD          equ	147	;# 
   365     0093                     SSPMSK          equ	147	;# 
   366     0093                     MSK             equ	147	;# 
   367     0094                     SSPSTAT         equ	148	;# 
   368     0095                     WPUB            equ	149	;# 
   369     0096                     IOCB            equ	150	;# 
   370     0097                     VRCON           equ	151	;# 
   371     0098                     TXSTA           equ	152	;# 
   372     0099                     SPBRG           equ	153	;# 
   373     009A                     SPBRGH          equ	154	;# 
   374     009B                     PWM1CON         equ	155	;# 
   375     009C                     ECCPAS          equ	156	;# 
   376     009D                     PSTRCON         equ	157	;# 
   377     009E                     ADRESL          equ	158	;# 
   378     009F                     ADCON1          equ	159	;# 
   379     0105                     WDTCON          equ	261	;# 
   380     0107                     CM1CON0         equ	263	;# 
   381     0108                     CM2CON0         equ	264	;# 
   382     0109                     CM2CON1         equ	265	;# 
   383     010C                     EEDATA          equ	268	;# 
   384     010C                     EEDAT           equ	268	;# 
   385     010D                     EEADR           equ	269	;# 
   386     010E                     EEDATH          equ	270	;# 
   387     010F                     EEADRH          equ	271	;# 
   388     0185                     SRCON           equ	389	;# 
   389     0187                     BAUDCTL         equ	391	;# 
   390     0188                     ANSEL           equ	392	;# 
   391     0189                     ANSELH          equ	393	;# 
   392     018C                     EECON1          equ	396	;# 
   393     018D                     EECON2          equ	397	;# 
   394     0000                     INDF            equ	0	;# 
   395     0001                     TMR0            equ	1	;# 
   396     0002                     PCL             equ	2	;# 
   397     0003                     STATUS          equ	3	;# 
   398     0004                     FSR             equ	4	;# 
   399     0005                     PORTA           equ	5	;# 
   400     0006                     PORTB           equ	6	;# 
   401     0007                     PORTC           equ	7	;# 
   402     0009                     PORTE           equ	9	;# 
   403     000A                     PCLATH          equ	10	;# 
   404     000B                     INTCON          equ	11	;# 
   405     000C                     PIR1            equ	12	;# 
   406     000D                     PIR2            equ	13	;# 
   407     000E                     TMR1            equ	14	;# 
   408     000E                     TMR1L           equ	14	;# 
   409     000F                     TMR1H           equ	15	;# 
   410     0010                     T1CON           equ	16	;# 
   411     0011                     TMR2            equ	17	;# 
   412     0012                     T2CON           equ	18	;# 
   413     0013                     SSPBUF          equ	19	;# 
   414     0014                     SSPCON          equ	20	;# 
   415     0015                     CCPR1           equ	21	;# 
   416     0015                     CCPR1L          equ	21	;# 
   417     0016                     CCPR1H          equ	22	;# 
   418     0017                     CCP1CON         equ	23	;# 
   419     0018                     RCSTA           equ	24	;# 
   420     0019                     TXREG           equ	25	;# 
   421     001A                     RCREG           equ	26	;# 
   422     001B                     CCPR2           equ	27	;# 
   423     001B                     CCPR2L          equ	27	;# 
   424     001C                     CCPR2H          equ	28	;# 
   425     001D                     CCP2CON         equ	29	;# 
   426     001E                     ADRESH          equ	30	;# 
   427     001F                     ADCON0          equ	31	;# 
   428     0081                     OPTION_REG      equ	129	;# 
   429     0085                     TRISA           equ	133	;# 
   430     0086                     TRISB           equ	134	;# 
   431     0087                     TRISC           equ	135	;# 
   432     0089                     TRISE           equ	137	;# 
   433     008C                     PIE1            equ	140	;# 
   434     008D                     PIE2            equ	141	;# 
   435     008E                     PCON            equ	142	;# 
   436     008F                     OSCCON          equ	143	;# 
   437     0090                     OSCTUNE         equ	144	;# 
   438     0091                     SSPCON2         equ	145	;# 
   439     0092                     PR2             equ	146	;# 
   440     0093                     SSPADD          equ	147	;# 
   441     0093                     SSPMSK          equ	147	;# 
   442     0093                     MSK             equ	147	;# 
   443     0094                     SSPSTAT         equ	148	;# 
   444     0095                     WPUB            equ	149	;# 
   445     0096                     IOCB            equ	150	;# 
   446     0097                     VRCON           equ	151	;# 
   447     0098                     TXSTA           equ	152	;# 
   448     0099                     SPBRG           equ	153	;# 
   449     009A                     SPBRGH          equ	154	;# 
   450     009B                     PWM1CON         equ	155	;# 
   451     009C                     ECCPAS          equ	156	;# 
   452     009D                     PSTRCON         equ	157	;# 
   453     009E                     ADRESL          equ	158	;# 
   454     009F                     ADCON1          equ	159	;# 
   455     0105                     WDTCON          equ	261	;# 
   456     0107                     CM1CON0         equ	263	;# 
   457     0108                     CM2CON0         equ	264	;# 
   458     0109                     CM2CON1         equ	265	;# 
   459     010C                     EEDATA          equ	268	;# 
   460     010C                     EEDAT           equ	268	;# 
   461     010D                     EEADR           equ	269	;# 
   462     010E                     EEDATH          equ	270	;# 
   463     010F                     EEADRH          equ	271	;# 
   464     0185                     SRCON           equ	389	;# 
   465     0187                     BAUDCTL         equ	391	;# 
   466     0188                     ANSEL           equ	392	;# 
   467     0189                     ANSELH          equ	393	;# 
   468     018C                     EECON1          equ	396	;# 
   469     018D                     EECON2          equ	397	;# 
   470     0000                     INDF            equ	0	;# 
   471     0001                     TMR0            equ	1	;# 
   472     0002                     PCL             equ	2	;# 
   473     0003                     STATUS          equ	3	;# 
   474     0004                     FSR             equ	4	;# 
   475     0005                     PORTA           equ	5	;# 
   476     0006                     PORTB           equ	6	;# 
   477     0007                     PORTC           equ	7	;# 
   478     0009                     PORTE           equ	9	;# 
   479     000A                     PCLATH          equ	10	;# 
   480     000B                     INTCON          equ	11	;# 
   481     000C                     PIR1            equ	12	;# 
   482     000D                     PIR2            equ	13	;# 
   483     000E                     TMR1            equ	14	;# 
   484     000E                     TMR1L           equ	14	;# 
   485     000F                     TMR1H           equ	15	;# 
   486     0010                     T1CON           equ	16	;# 
   487     0011                     TMR2            equ	17	;# 
   488     0012                     T2CON           equ	18	;# 
   489     0013                     SSPBUF          equ	19	;# 
   490     0014                     SSPCON          equ	20	;# 
   491     0015                     CCPR1           equ	21	;# 
   492     0015                     CCPR1L          equ	21	;# 
   493     0016                     CCPR1H          equ	22	;# 
   494     0017                     CCP1CON         equ	23	;# 
   495     0018                     RCSTA           equ	24	;# 
   496     0019                     TXREG           equ	25	;# 
   497     001A                     RCREG           equ	26	;# 
   498     001B                     CCPR2           equ	27	;# 
   499     001B                     CCPR2L          equ	27	;# 
   500     001C                     CCPR2H          equ	28	;# 
   501     001D                     CCP2CON         equ	29	;# 
   502     001E                     ADRESH          equ	30	;# 
   503     001F                     ADCON0          equ	31	;# 
   504     0081                     OPTION_REG      equ	129	;# 
   505     0085                     TRISA           equ	133	;# 
   506     0086                     TRISB           equ	134	;# 
   507     0087                     TRISC           equ	135	;# 
   508     0089                     TRISE           equ	137	;# 
   509     008C                     PIE1            equ	140	;# 
   510     008D                     PIE2            equ	141	;# 
   511     008E                     PCON            equ	142	;# 
   512     008F                     OSCCON          equ	143	;# 
   513     0090                     OSCTUNE         equ	144	;# 
   514     0091                     SSPCON2         equ	145	;# 
   515     0092                     PR2             equ	146	;# 
   516     0093                     SSPADD          equ	147	;# 
   517     0093                     SSPMSK          equ	147	;# 
   518     0093                     MSK             equ	147	;# 
   519     0094                     SSPSTAT         equ	148	;# 
   520     0095                     WPUB            equ	149	;# 
   521     0096                     IOCB            equ	150	;# 
   522     0097                     VRCON           equ	151	;# 
   523     0098                     TXSTA           equ	152	;# 
   524     0099                     SPBRG           equ	153	;# 
   525     009A                     SPBRGH          equ	154	;# 
   526     009B                     PWM1CON         equ	155	;# 
   527     009C                     ECCPAS          equ	156	;# 
   528     009D                     PSTRCON         equ	157	;# 
   529     009E                     ADRESL          equ	158	;# 
   530     009F                     ADCON1          equ	159	;# 
   531     0105                     WDTCON          equ	261	;# 
   532     0107                     CM1CON0         equ	263	;# 
   533     0108                     CM2CON0         equ	264	;# 
   534     0109                     CM2CON1         equ	265	;# 
   535     010C                     EEDATA          equ	268	;# 
   536     010C                     EEDAT           equ	268	;# 
   537     010D                     EEADR           equ	269	;# 
   538     010E                     EEDATH          equ	270	;# 
   539     010F                     EEADRH          equ	271	;# 
   540     0185                     SRCON           equ	389	;# 
   541     0187                     BAUDCTL         equ	391	;# 
   542     0188                     ANSEL           equ	392	;# 
   543     0189                     ANSELH          equ	393	;# 
   544     018C                     EECON1          equ	396	;# 
   545     018D                     EECON2          equ	397	;# 
   546                           
   547                           	psect	idataBANK0
   548     0002                     __pidataBANK0:
   549                           
   550                           ;initializer for _LOCK_MODE
   551     0002  3401               	retlw	1
   552                           
   553                           ;initializer for _GLOBAL_TEMPERATURE
   554     0003  3419               	retlw	25
   555                           
   556                           	psect	nvBANK0
   557     0065                     __pnvBANK0:
   558     0065                     _timer_configured@my_timer_1ms$F357:
   559     0065                     	ds	1
   560     001E                     _ADRESH         set	30
   561     001F                     _ADCON0bits     set	31
   562     001F                     _ADCON0         set	31
   563     000B                     _INTCONbits     set	11
   564     0001                     _TMR0           set	1
   565     0006                     _PORTBbits      set	6
   566     0005                     _PORTAbits      set	5
   567     0007                     _PORTCbits      set	7
   568     0007                     _PORTC          set	7
   569     0006                     _PORTB          set	6
   570     009E                     _ADRESL         set	158
   571     009F                     _ADCON1         set	159
   572     0081                     _OPTION_REGbits set	129
   573     0087                     _TRISC          set	135
   574     0086                     _TRISB          set	134
   575     0085                     _TRISA          set	133
   576     0188                     _ANSEL          set	392
   577                           
   578                           	psect	strings
   579     07B3                     __pstrings:
   580     07B3                     stringtab:
   581     07B3                     __stringtab:
   582                           
   583                           ;	String table - string pointers are 1 byte each
   584     07B3  1BFF               	btfsc	btemp+1,7
   585     07B4  2FBD               	ljmp	stringcode
   586     07B5  1383               	bcf	3,7
   587     07B6  187F               	btfsc	btemp+1,0
   588     07B7  1783               	bsf	3,7
   589     07B8  0800               	movf	0,w
   590     07B9  0A84               	incf	4,f
   591     07BA  1903               	skipnz
   592     07BB  0AFF               	incf	btemp+1,f
   593     07BC  0008               	return
   594     07BD                     stringcode:
   595     07BD                     stringdir:
   596     07BD  3007               	movlw	high stringdir
   597     07BE  008A               	movwf	10
   598     07BF  0804               	movf	4,w
   599     07C0  0A84               	incf	4,f
   600     07C1  0782               	addwf	2,f
   601     07C2                     __stringbase:
   602     07C2  3400               	retlw	0
   603     07C3                     __end_of__stringtab:
   604     07C3                     STR_2:
   605     07C3  3431               	retlw	49	;'1'
   606     07C4  3438               	retlw	56	;'8'
   607     07C5  3433               	retlw	51	;'3'
   608     07C6  3439               	retlw	57	;'9'
   609     07C7  3430               	retlw	48	;'0'
   610     07C8  3432               	retlw	50	;'2'
   611     07C9  3432               	retlw	50	;'2'
   612     07CA  3437               	retlw	55	;'7'
   613     07CB  3420               	retlw	32	;' '
   614     07CC  3420               	retlw	32	;' '
   615     07CD  3420               	retlw	32	;' '
   616     07CE  3400               	retlw	0
   617     07CF                     STR_1:
   618     07CF  344C               	retlw	76	;'L'
   619     07D0  344F               	retlw	79	;'O'
   620     07D1  3443               	retlw	67	;'C'
   621     07D2  344B               	retlw	75	;'K'
   622     07D3  3420               	retlw	32	;' '
   623     07D4  344D               	retlw	77	;'M'
   624     07D5  344F               	retlw	79	;'O'
   625     07D6  3444               	retlw	68	;'D'
   626     07D7  3445               	retlw	69	;'E'
   627     07D8  3400               	retlw	0
   628     07D9                     STR_3:
   629     07D9  3425               	retlw	37	;'%'
   630     07DA  3475               	retlw	117	;'u'
   631     07DB  3400               	retlw	0
   632     07DC                     STR_4:
   633     07DC  3443               	retlw	67	;'C'
   634     07DD  3400               	retlw	0
   635                           
   636                           	psect	cinit
   637     0011                     start_initialization:	
   638                           ; #config settings
   639                           
   640     0011                     __initialization:
   641                           
   642                           ; Initialize objects allocated to BANK0
   643     0011  118A  2002  118A   	fcall	__pidataBANK0	;fetch initializer
   644     0014  00E3               	movwf	__pdataBANK0& (0+127)
   645     0015  118A  2003  118A   	fcall	__pidataBANK0+1	;fetch initializer
   646     0018  00E4               	movwf	(__pdataBANK0+1)& (0+127)
   647                           
   648                           ; Clear objects allocated to BANK2
   649     0019  1783               	bsf	3,7	;select IRP bank2
   650     001A  3020               	movlw	low __pbssBANK2
   651     001B  0084               	movwf	4
   652     001C  3039               	movlw	low (__pbssBANK2+25)
   653     001D  158A  2703  118A   	fcall	clear_ram0
   654                           
   655                           ; Clear objects allocated to BANK1
   656     0020  1383               	bcf	3,7	;select IRP bank0
   657     0021  30A0               	movlw	low __pbssBANK1
   658     0022  0084               	movwf	4
   659     0023  30D9               	movlw	low (__pbssBANK1+57)
   660     0024  158A  2703  118A   	fcall	clear_ram0
   661                           
   662                           ; Clear objects allocated to BANK0
   663     0027  3055               	movlw	low __pbssBANK0
   664     0028  0084               	movwf	4
   665     0029  3063               	movlw	low (__pbssBANK0+14)
   666     002A  158A  2703  118A   	fcall	clear_ram0
   667     002D                     end_of_initialization:	
   668                           ;End of C runtime variable initialization code
   669                           
   670     002D                     __end_of__initialization:
   671     002D  0183               	clrf	3
   672     002E  118A  2E6F         	ljmp	_main	;jump to C main() function
   673                           
   674                           	psect	bssBANK0
   675     0055                     __pbssBANK0:
   676     0055                     _width:
   677     0055                     	ds	2
   678     0057                     _prec:
   679     0057                     	ds	2
   680     0059                     _flags:
   681     0059                     	ds	1
   682     005A                     debounce@debounceS4:
   683     005A                     	ds	1
   684     005B                     debounce@debounceS3:
   685     005B                     	ds	1
   686     005C                     debounce@debounceS2:
   687     005C                     	ds	1
   688     005D                     debounce@debounceS1:
   689     005D                     	ds	1
   690     005E                     lcd_print@lcdMode:
   691     005E                     	ds	1
   692     005F                     _timer_configured:
   693     005F                     	ds	1
   694     0060                     _FLA_ERROR:
   695     0060                     	ds	1
   696     0061                     _IGN_ERROR:
   697     0061                     	ds	1
   698     0062                     _SYSTEM_RUNNING:
   699     0062                     	ds	1
   700                           
   701                           	psect	dataBANK0
   702     0063                     __pdataBANK0:
   703     0063                     _LOCK_MODE:
   704     0063                     	ds	1
   705     0064                     _GLOBAL_TEMPERATURE:
   706     0064                     	ds	1
   707                           
   708                           	psect	bssBANK1
   709     00A0                     __pbssBANK1:
   710     00A0                     _dbuf:
   711     00A0                     	ds	32
   712     00C0                     _task_list@my_timer_1ms$F356:
   713     00C0                     	ds	25
   714                           
   715                           	psect	bssBANK2
   716     0120                     __pbssBANK2:
   717     0120                     _task_list:
   718     0120                     	ds	25
   719                           
   720                           	psect	clrtext
   721     0F03                     clear_ram0:	
   722                           ;	Called with FSR containing the base address, and
   723                           ;	W with the last address+1
   724                           
   725     0F03  0064               	clrwdt	;clear the watchdog before getting into this loop
   726     0F04                     clrloop0:
   727     0F04  0180               	clrf	0	;clear RAM location pointed to by FSR
   728     0F05  0A84               	incf	4,f	;increment pointer
   729     0F06  0604               	xorwf	4,w	;XOR with final address
   730     0F07  1903               	btfsc	3,2	;have we reached the end yet?
   731     0F08  3400               	retlw	0	;all done for this memory range, return
   732     0F09  0604               	xorwf	4,w	;XOR again to restore value
   733     0F0A  2F04               	goto	clrloop0	;do the next byte
   734                           
   735                           	psect	cstackCOMMON
   736     0070                     __pcstackCOMMON:
   737     0070                     ?_pins_init:
   738     0070                     ?_adc_init:	
   739                           ; 1 bytes @ 0x0
   740                           
   741     0070                     ?_timer_init:	
   742                           ; 1 bytes @ 0x0
   743                           
   744     0070                     ?_lcd_init:	
   745                           ; 1 bytes @ 0x0
   746                           
   747     0070                     ?_blink:	
   748                           ; 1 bytes @ 0x0
   749                           
   750     0070                     ?_debounce:	
   751                           ; 1 bytes @ 0x0
   752                           
   753     0070                     ?_led_set:	
   754                           ; 1 bytes @ 0x0
   755                           
   756     0070                     ?_lcd_print:	
   757                           ; 1 bytes @ 0x0
   758                           
   759     0070                     ?_ignition_system:	
   760                           ; 1 bytes @ 0x0
   761                           
   762     0070                     ?_adc_100:	
   763                           ; 1 bytes @ 0x0
   764                           
   765     0070                     ?_putch:	
   766                           ; 1 bytes @ 0x0
   767                           
   768     0070                     ?_main:	
   769                           ; 1 bytes @ 0x0
   770                           
   771     0070                     ?_lcd_clear:	
   772                           ; 1 bytes @ 0x0
   773                           
   774     0070                     ?_timer_isr:	
   775                           ; 1 bytes @ 0x0
   776                           
   777     0070                     ?i1___bmul:	
   778                           ; 1 bytes @ 0x0
   779                           
   780     0070                     _led_set$272:	
   781                           ; 1 bytes @ 0x0
   782                           
   783     0070                     putch@c:	
   784                           ; 1 bytes @ 0x0
   785                           
   786     0070                     i1___bmul@multiplicand:	
   787                           ; 1 bytes @ 0x0
   788                           
   789     0070                     ??_blink:	
   790                           ; 1 bytes @ 0x0
   791                           
   792     0070                     ??_debounce:	
   793                           ; 1 bytes @ 0x0
   794                           
   795     0070                     ??_led_set:	
   796                           ; 1 bytes @ 0x0
   797                           
   798                           
   799                           ; 1 bytes @ 0x0
   800     0070                     	ds	1
   801     0071                     _led_set$273:
   802     0071                     i1___bmul@product:	
   803                           ; 1 bytes @ 0x1
   804                           
   805     0071                     ??i1___bmul:	
   806                           ; 1 bytes @ 0x1
   807                           
   808                           
   809                           ; 1 bytes @ 0x1
   810     0071                     	ds	1
   811     0072                     _led_set$274:
   812     0072                     i1___bmul@multiplier:	
   813                           ; 1 bytes @ 0x2
   814                           
   815                           
   816                           ; 1 bytes @ 0x2
   817     0072                     	ds	1
   818     0073                     _led_set$275:
   819                           
   820                           ; 1 bytes @ 0x3
   821     0073                     	ds	1
   822     0074                     _led_set$276:
   823                           
   824                           ; 1 bytes @ 0x4
   825     0074                     	ds	1
   826     0075                     _led_set$277:
   827                           
   828                           ; 1 bytes @ 0x5
   829     0075                     	ds	1
   830     0076                     ??_timer_isr:
   831                           
   832                           ; 1 bytes @ 0x6
   833     0076                     	ds	8
   834                           
   835                           	psect	cstackBANK0
   836     0020                     __pcstackBANK0:
   837     0020                     timer_isr@i:
   838                           
   839                           ; 1 bytes @ 0x0
   840     0020                     	ds	1
   841     0021                     ?_lcd_send_half_byte:
   842     0021                     ?___bmul:	
   843                           ; 1 bytes @ 0x1
   844                           
   845     0021                     ?_fputc:	
   846                           ; 1 bytes @ 0x1
   847                           
   848     0021                     ?_my_adc:	
   849                           ; 2 bytes @ 0x1
   850                           
   851     0021                     ?___lwdiv:	
   852                           ; 2 bytes @ 0x1
   853                           
   854     0021                     ?___lwmod:	
   855                           ; 2 bytes @ 0x1
   856                           
   857     0021                     lcd_send_half_byte@rs:	
   858                           ; 2 bytes @ 0x1
   859                           
   860     0021                     ___bmul@multiplicand:	
   861                           ; 1 bytes @ 0x1
   862                           
   863     0021                     ___lwdiv@divisor:	
   864                           ; 1 bytes @ 0x1
   865                           
   866     0021                     ___lwmod@divisor:	
   867                           ; 2 bytes @ 0x1
   868                           
   869     0021                     fputc@c:	
   870                           ; 2 bytes @ 0x1
   871                           
   872     0021                     ??_pins_init:	
   873                           ; 2 bytes @ 0x1
   874                           
   875     0021                     ??_adc_init:	
   876                           ; 1 bytes @ 0x1
   877                           
   878     0021                     ??_timer_init:	
   879                           ; 1 bytes @ 0x1
   880                           
   881     0021                     ??_putch:	
   882                           ; 1 bytes @ 0x1
   883                           
   884                           
   885                           ; 1 bytes @ 0x1
   886     0021                     	ds	1
   887     0022                     ___bmul@product:
   888     0022                     ??_lcd_send_half_byte:	
   889                           ; 1 bytes @ 0x2
   890                           
   891     0022                     ??___bmul:	
   892                           ; 1 bytes @ 0x2
   893                           
   894                           
   895                           ; 1 bytes @ 0x2
   896     0022                     	ds	1
   897     0023                     ___bmul@multiplier:
   898     0023                     ___lwdiv@dividend:	
   899                           ; 1 bytes @ 0x3
   900                           
   901     0023                     ___lwmod@dividend:	
   902                           ; 2 bytes @ 0x3
   903                           
   904     0023                     fputc@fp:	
   905                           ; 2 bytes @ 0x3
   906                           
   907     0023                     ??_my_adc:	
   908                           ; 2 bytes @ 0x3
   909                           
   910                           
   911                           ; 1 bytes @ 0x3
   912     0023                     	ds	1
   913     0024                     ?_create_task:
   914     0024                     lcd_send_half_byte@data:	
   915                           ; 1 bytes @ 0x4
   916                           
   917     0024                     create_task@fn:	
   918                           ; 1 bytes @ 0x4
   919                           
   920                           
   921                           ; 1 bytes @ 0x4
   922     0024                     	ds	1
   923     0025                     ?_lcd_send_byte:
   924     0025                     lcd_send_byte@rs:	
   925                           ; 1 bytes @ 0x5
   926                           
   927     0025                     ___lwmod@counter:	
   928                           ; 1 bytes @ 0x5
   929                           
   930     0025                     create_task@ms:	
   931                           ; 1 bytes @ 0x5
   932                           
   933     0025                     ___lwdiv@quotient:	
   934                           ; 2 bytes @ 0x5
   935                           
   936     0025                     ??_fputc:	
   937                           ; 2 bytes @ 0x5
   938                           
   939     0025                     ??___lwdiv:	
   940                           ; 1 bytes @ 0x5
   941                           
   942     0025                     ??___lwmod:	
   943                           ; 1 bytes @ 0x5
   944                           
   945                           
   946                           ; 1 bytes @ 0x5
   947     0025                     	ds	1
   948     0026                     ??_lcd_send_byte:
   949                           
   950                           ; 1 bytes @ 0x6
   951     0026                     	ds	1
   952     0027                     lcd_send_byte@data:
   953     0027                     create_task@i:	
   954                           ; 1 bytes @ 0x7
   955                           
   956     0027                     ___lwdiv@counter:	
   957                           ; 1 bytes @ 0x7
   958                           
   959     0027                     ??_create_task:	
   960                           ; 1 bytes @ 0x7
   961                           
   962                           
   963                           ; 1 bytes @ 0x7
   964     0027                     	ds	1
   965     0028                     ?_lcd_send_string:
   966     0028                     lcd_send_string@str:	
   967                           ; 1 bytes @ 0x8
   968                           
   969     0028                     ??_lcd_init:	
   970                           ; 2 bytes @ 0x8
   971                           
   972     0028                     ??_lcd_clear:	
   973                           ; 1 bytes @ 0x8
   974                           
   975                           
   976                           ; 1 bytes @ 0x8
   977     0028                     	ds	2
   978     002A                     my_adc@ch:
   979     002A                     ??_lcd_send_string:	
   980                           ; 1 bytes @ 0xA
   981                           
   982                           
   983                           ; 1 bytes @ 0xA
   984     002A                     	ds	1
   985     002B                     ?___lmul:
   986     002B                     ___lmul@multiplier:	
   987                           ; 4 bytes @ 0xB
   988                           
   989                           
   990                           ; 4 bytes @ 0xB
   991     002B                     	ds	3
   992     002E                     ?_vfpfcnvrt:
   993     002E                     vfpfcnvrt@fp:	
   994                           ; 1 bytes @ 0xE
   995                           
   996                           
   997                           ; 2 bytes @ 0xE
   998     002E                     	ds	1
   999     002F                     ___lmul@multiplicand:
  1000                           
  1001                           ; 4 bytes @ 0xF
  1002     002F                     	ds	1
  1003     0030                     vfpfcnvrt@fmt:
  1004                           
  1005                           ; 1 bytes @ 0x10
  1006     0030                     	ds	1
  1007     0031                     vfpfcnvrt@ap:
  1008                           
  1009                           ; 1 bytes @ 0x11
  1010     0031                     	ds	1
  1011     0032                     ??_vfpfcnvrt:
  1012                           
  1013                           ; 1 bytes @ 0x12
  1014     0032                     	ds	1
  1015     0033                     ??___lmul:
  1016                           
  1017                           ; 1 bytes @ 0x13
  1018     0033                     	ds	1
  1019     0034                     ___lmul@product:
  1020     0034                     vfpfcnvrt@convarg:	
  1021                           ; 4 bytes @ 0x14
  1022                           
  1023                           
  1024                           ; 4 bytes @ 0x14
  1025     0034                     	ds	4
  1026     0038                     ?___lldiv:
  1027     0038                     vfpfcnvrt@cp:	
  1028                           ; 4 bytes @ 0x18
  1029                           
  1030     0038                     ___lldiv@divisor:	
  1031                           ; 1 bytes @ 0x18
  1032                           
  1033                           
  1034                           ; 4 bytes @ 0x18
  1035     0038                     	ds	1
  1036     0039                     vfpfcnvrt@c:
  1037                           
  1038                           ; 1 bytes @ 0x19
  1039     0039                     	ds	1
  1040     003A                     ?_vfprintf:
  1041     003A                     vfprintf@fp:	
  1042                           ; 2 bytes @ 0x1A
  1043                           
  1044                           
  1045                           ; 2 bytes @ 0x1A
  1046     003A                     	ds	2
  1047     003C                     vfprintf@fmt:
  1048     003C                     ___lldiv@dividend:	
  1049                           ; 1 bytes @ 0x1C
  1050                           
  1051                           
  1052                           ; 4 bytes @ 0x1C
  1053     003C                     	ds	1
  1054     003D                     vfprintf@ap:
  1055                           
  1056                           ; 1 bytes @ 0x1D
  1057     003D                     	ds	1
  1058     003E                     vfprintf@cfmt:
  1059     003E                     ??_vfprintf:	
  1060                           ; 1 bytes @ 0x1E
  1061                           
  1062                           
  1063                           ; 1 bytes @ 0x1E
  1064     003E                     	ds	1
  1065     003F                     ?_sprintf:
  1066     003F                     sprintf@s:	
  1067                           ; 2 bytes @ 0x1F
  1068                           
  1069                           
  1070                           ; 1 bytes @ 0x1F
  1071     003F                     	ds	1
  1072     0040                     sprintf@fmt:
  1073     0040                     ??___lldiv:	
  1074                           ; 1 bytes @ 0x20
  1075                           
  1076                           
  1077                           ; 1 bytes @ 0x20
  1078     0040                     	ds	1
  1079     0041                     ___lldiv@quotient:
  1080                           
  1081                           ; 4 bytes @ 0x21
  1082     0041                     	ds	2
  1083     0043                     ??_sprintf:
  1084                           
  1085                           ; 1 bytes @ 0x23
  1086     0043                     	ds	1
  1087     0044                     sprintf@ap:
  1088                           
  1089                           ; 1 bytes @ 0x24
  1090     0044                     	ds	1
  1091     0045                     ___lldiv@counter:
  1092     0045                     sprintf@f:	
  1093                           ; 1 bytes @ 0x25
  1094                           
  1095                           
  1096                           ; 11 bytes @ 0x25
  1097     0045                     	ds	1
  1098     0046                     ??_adc_100:
  1099                           
  1100                           ; 1 bytes @ 0x26
  1101     0046                     	ds	4
  1102     004A                     adc_100@ch:
  1103                           
  1104                           ; 1 bytes @ 0x2A
  1105     004A                     	ds	1
  1106     004B                     ??_ignition_system:
  1107                           
  1108                           ; 1 bytes @ 0x2B
  1109     004B                     	ds	3
  1110     004E                     ignition_system@i:
  1111                           
  1112                           ; 1 bytes @ 0x2E
  1113     004E                     	ds	1
  1114     004F                     ignition_system@tmr:
  1115                           
  1116                           ; 2 bytes @ 0x2F
  1117     004F                     	ds	1
  1118     0050                     ??_lcd_print:
  1119                           
  1120                           ; 1 bytes @ 0x30
  1121     0050                     	ds	2
  1122     0052                     lcd_print@buf:
  1123                           
  1124                           ; 3 bytes @ 0x32
  1125     0052                     	ds	3
  1126     0055                     ??_main:
  1127                           
  1128                           	psect	maintext
  1129     066F                     __pmaintext:	
  1130                           ; 1 bytes @ 0x35
  1131 ;;
  1132 ;;Main: autosize = 0, tempsize = 0, incstack = 0, save=0
  1133 ;;
  1134 ;; *************** function _main *****************
  1135 ;; Defined at:
  1136 ;;		line 10 in file "main.c"
  1137 ;; Parameters:    Size  Location     Type
  1138 ;;		None
  1139 ;; Auto vars:     Size  Location     Type
  1140 ;;		None
  1141 ;; Return value:  Size  Location     Type
  1142 ;;                  1    wreg      void 
  1143 ;; Registers used:
  1144 ;;		wreg, fsr0l, fsr0h, status,2, status,0, btemp+1, pclath, cstack
  1145 ;; Tracked objects:
  1146 ;;		On entry : B00/0
  1147 ;;		On exit  : 0/0
  1148 ;;		Unchanged: 0/0
  1149 ;; Data sizes:     COMMON   BANK0   BANK1   BANK2
  1150 ;;      Params:         0       0       0       0
  1151 ;;      Locals:         0       0       0       0
  1152 ;;      Temps:          0       0       0       0
  1153 ;;      Totals:         0       0       0       0
  1154 ;;Total ram usage:        0 bytes
  1155 ;; Hardware stack levels required when called: 8
  1156 ;; This function calls:
  1157 ;;		_adc_init
  1158 ;;		_create_task
  1159 ;;		_ignition_system
  1160 ;;		_lcd_init
  1161 ;;		_lcd_print
  1162 ;;		_pins_init
  1163 ;;		_timer_init
  1164 ;; This function is called by:
  1165 ;;		Startup code after reset
  1166 ;; This function uses a non-reentrant model
  1167 ;;
  1168                           
  1169     066F                     _main:	
  1170                           ;psect for function _main
  1171                           
  1172     066F                     l2078:	
  1173                           ;incstack = 0
  1174                           ; Regs used in _main: [wreg-fsr0h+status,2+status,0+btemp+1+pclath+cstack]
  1175                           
  1176                           
  1177                           ;main.c: 11:     pins_init();
  1178     066F  158A  274E  118A   	fcall	_pins_init
  1179                           
  1180                           ;main.c: 12:     adc_init();
  1181     0672  158A  270B  118A   	fcall	_adc_init
  1182     0675                     l2080:
  1183                           
  1184                           ;main.c: 13:     timer_init();
  1185     0675  158A  2714  118A   	fcall	_timer_init
  1186     0678                     l2082:
  1187                           
  1188                           ;main.c: 14:     lcd_init();
  1189     0678  118A  2118  118A   	fcall	_lcd_init
  1190     067B                     l2084:
  1191                           
  1192                           ;main.c: 16:     create_task(&blink, 1000);
  1193     067B  3003               	movlw	(low (fp__blink-i1fpbase))& (0+255)
  1194     067C  1283               	bcf	3,5	;RP0=0, select bank0
  1195     067D  1303               	bcf	3,6	;RP1=0, select bank0
  1196     067E  00A4               	movwf	create_task@fn
  1197     067F  30E8               	movlw	232
  1198     0680  00A5               	movwf	create_task@ms
  1199     0681  3003               	movlw	3
  1200     0682  00A6               	movwf	create_task@ms+1
  1201     0683  118A  2627  118A   	fcall	_create_task
  1202     0686                     l2086:
  1203                           
  1204                           ;main.c: 17:     create_task(&debounce, 1);
  1205     0686  3005               	movlw	(low (fp__debounce-i1fpbase))& (0+255)
  1206     0687  1283               	bcf	3,5	;RP0=0, select bank0
  1207     0688  1303               	bcf	3,6	;RP1=0, select bank0
  1208     0689  00A4               	movwf	create_task@fn
  1209     068A  3001               	movlw	1
  1210     068B  00A5               	movwf	create_task@ms
  1211     068C  3000               	movlw	0
  1212     068D  00A6               	movwf	create_task@ms+1
  1213     068E  118A  2627  118A   	fcall	_create_task
  1214     0691                     l2088:
  1215                           
  1216                           ;main.c: 18:     create_task(&led_set, 1);
  1217     0691  3001               	movlw	(low (fp__led_set-i1fpbase))& (0+255)
  1218     0692  1283               	bcf	3,5	;RP0=0, select bank0
  1219     0693  1303               	bcf	3,6	;RP1=0, select bank0
  1220     0694  00A4               	movwf	create_task@fn
  1221     0695  3001               	movlw	1
  1222     0696  00A5               	movwf	create_task@ms
  1223     0697  3000               	movlw	0
  1224     0698  00A6               	movwf	create_task@ms+1
  1225     0699  118A  2627  118A   	fcall	_create_task
  1226     069C                     l2090:
  1227                           
  1228                           ;main.c: 21:         if(lcd_print() && !LOCK_MODE && SYSTEM_RUNNING) {
  1229     069C  118A  24AB  118A   	fcall	_lcd_print
  1230     069F  3A00               	xorlw	0
  1231     06A0  1903               	skipnz
  1232     06A1  2EA3               	goto	u2281
  1233     06A2  2EA4               	goto	u2280
  1234     06A3                     u2281:
  1235     06A3  2E9C               	goto	l2090
  1236     06A4                     u2280:
  1237     06A4                     l2092:
  1238     06A4  1283               	bcf	3,5	;RP0=0, select bank0
  1239     06A5  1303               	bcf	3,6	;RP1=0, select bank0
  1240     06A6  0863               	movf	_LOCK_MODE,w
  1241     06A7  1D03               	btfss	3,2
  1242     06A8  2EAA               	goto	u2291
  1243     06A9  2EAB               	goto	u2290
  1244     06AA                     u2291:
  1245     06AA  2E9C               	goto	l2090
  1246     06AB                     u2290:
  1247     06AB                     l2094:
  1248     06AB  0862               	movf	_SYSTEM_RUNNING,w
  1249     06AC  1903               	btfsc	3,2
  1250     06AD  2EAF               	goto	u2301
  1251     06AE  2EB0               	goto	u2300
  1252     06AF                     u2301:
  1253     06AF  2E9C               	goto	l2090
  1254     06B0                     u2300:
  1255     06B0                     l2096:
  1256                           
  1257                           ;main.c: 22:             ignition_system();
  1258     06B0  118A  203D  118A   	fcall	_ignition_system
  1259     06B3  2E9C               	goto	l2090
  1260     06B4  118A  280F         	ljmp	start
  1261     06B6                     __end_of_main:
  1262                           
  1263                           	psect	text1
  1264     0F14                     __ptext1:	
  1265 ;; *************** function _timer_init *****************
  1266 ;; Defined at:
  1267 ;;		line 5 in file "my_timer_1ms.c"
  1268 ;; Parameters:    Size  Location     Type
  1269 ;;		None
  1270 ;; Auto vars:     Size  Location     Type
  1271 ;;		None
  1272 ;; Return value:  Size  Location     Type
  1273 ;;                  1    wreg      void 
  1274 ;; Registers used:
  1275 ;;		wreg, status,2, status,0
  1276 ;; Tracked objects:
  1277 ;;		On entry : 0/0
  1278 ;;		On exit  : 0/0
  1279 ;;		Unchanged: 0/0
  1280 ;; Data sizes:     COMMON   BANK0   BANK1   BANK2
  1281 ;;      Params:         0       0       0       0
  1282 ;;      Locals:         0       0       0       0
  1283 ;;      Temps:          0       0       0       0
  1284 ;;      Totals:         0       0       0       0
  1285 ;;Total ram usage:        0 bytes
  1286 ;; Hardware stack levels used: 1
  1287 ;; Hardware stack levels required when called: 2
  1288 ;; This function calls:
  1289 ;;		Nothing
  1290 ;; This function is called by:
  1291 ;;		_main
  1292 ;; This function uses a non-reentrant model
  1293 ;;
  1294                           
  1295     0F14                     _timer_init:	
  1296                           ;psect for function _timer_init
  1297                           
  1298     0F14                     l1758:	
  1299                           ;incstack = 0
  1300                           ; Regs used in _timer_init: [wreg+status,2+status,0]
  1301                           
  1302                           
  1303                           ;my_timer_1ms.c: 6:     TMR0 = 0;
  1304     0F14  1283               	bcf	3,5	;RP0=0, select bank0
  1305     0F15  1303               	bcf	3,6	;RP1=0, select bank0
  1306     0F16  0181               	clrf	1	;volatile
  1307     0F17                     l1760:
  1308                           
  1309                           ;my_timer_1ms.c: 7:     OPTION_REGbits.T0CS = 0;
  1310     0F17  1683               	bsf	3,5	;RP0=1, select bank1
  1311     0F18  1303               	bcf	3,6	;RP1=0, select bank1
  1312     0F19  1281               	bcf	1,5	;volatile
  1313     0F1A                     l1762:
  1314                           
  1315                           ;my_timer_1ms.c: 8:     OPTION_REGbits.PSA = 0;
  1316     0F1A  1181               	bcf	1,3	;volatile
  1317     0F1B                     l1764:
  1318                           
  1319                           ;my_timer_1ms.c: 9:     OPTION_REGbits.PS = 0x03;
  1320     0F1B  0801               	movf	1,w	;volatile
  1321     0F1C  39F8               	andlw	-8
  1322     0F1D  3803               	iorlw	3
  1323     0F1E  0081               	movwf	1	;volatile
  1324     0F1F                     l1766:
  1325                           
  1326                           ;my_timer_1ms.c: 11:     INTCONbits.T0IE = 1;
  1327     0F1F  168B               	bsf	11,5	;volatile
  1328     0F20                     l1768:
  1329                           
  1330                           ;my_timer_1ms.c: 12:     INTCONbits.GIE = 1;
  1331     0F20  178B               	bsf	11,7	;volatile
  1332     0F21                     l1770:
  1333                           
  1334                           ;my_timer_1ms.c: 13:     timer_configured = 1;
  1335     0F21  3001               	movlw	1
  1336     0F22  1283               	bcf	3,5	;RP0=0, select bank0
  1337     0F23  1303               	bcf	3,6	;RP1=0, select bank0
  1338     0F24  00E5               	movwf	_timer_configured@my_timer_1ms$F357
  1339     0F25                     l216:
  1340     0F25  0008               	return
  1341     0F26                     __end_of_timer_init:
  1342                           
  1343                           	psect	text2
  1344     0F4E                     __ptext2:	
  1345 ;; *************** function _pins_init *****************
  1346 ;; Defined at:
  1347 ;;		line 29 in file "main.c"
  1348 ;; Parameters:    Size  Location     Type
  1349 ;;		None
  1350 ;; Auto vars:     Size  Location     Type
  1351 ;;		None
  1352 ;; Return value:  Size  Location     Type
  1353 ;;                  1    wreg      void 
  1354 ;; Registers used:
  1355 ;;		status,2
  1356 ;; Tracked objects:
  1357 ;;		On entry : 0/0
  1358 ;;		On exit  : 0/0
  1359 ;;		Unchanged: 0/0
  1360 ;; Data sizes:     COMMON   BANK0   BANK1   BANK2
  1361 ;;      Params:         0       0       0       0
  1362 ;;      Locals:         0       0       0       0
  1363 ;;      Temps:          0       0       0       0
  1364 ;;      Totals:         0       0       0       0
  1365 ;;Total ram usage:        0 bytes
  1366 ;; Hardware stack levels used: 1
  1367 ;; Hardware stack levels required when called: 2
  1368 ;; This function calls:
  1369 ;;		Nothing
  1370 ;; This function is called by:
  1371 ;;		_main
  1372 ;; This function uses a non-reentrant model
  1373 ;;
  1374                           
  1375     0F4E                     _pins_init:	
  1376                           ;psect for function _pins_init
  1377                           
  1378     0F4E                     l1750:	
  1379                           ;incstack = 0
  1380                           ; Regs used in _pins_init: [status,2]
  1381                           
  1382                           
  1383                           ;main.c: 30:     TRISA = 0b00000111;
  1384     0F4E  3007               	movlw	7
  1385     0F4F  1683               	bsf	3,5	;RP0=1, select bank1
  1386     0F50  1303               	bcf	3,6	;RP1=0, select bank1
  1387     0F51  0085               	movwf	5	;volatile
  1388                           
  1389                           ;main.c: 32:     ANSEL = 0b00000111;
  1390     0F52  3007               	movlw	7
  1391     0F53  1683               	bsf	3,5	;RP0=1, select bank3
  1392     0F54  1703               	bsf	3,6	;RP1=1, select bank3
  1393     0F55  0088               	movwf	8	;volatile
  1394     0F56                     l1752:
  1395                           
  1396                           ;main.c: 34:     TRISB = 0b00000000;
  1397     0F56  1683               	bsf	3,5	;RP0=1, select bank1
  1398     0F57  1303               	bcf	3,6	;RP1=0, select bank1
  1399     0F58  0186               	clrf	6	;volatile
  1400                           
  1401                           ;main.c: 35:     PORTB = 0b00000000;
  1402     0F59  1283               	bcf	3,5	;RP0=0, select bank0
  1403     0F5A  1303               	bcf	3,6	;RP1=0, select bank0
  1404     0F5B  0186               	clrf	6	;volatile
  1405     0F5C                     l1754:
  1406                           
  1407                           ;main.c: 37:     TRISC = 0b00001111;
  1408     0F5C  300F               	movlw	15
  1409     0F5D  1683               	bsf	3,5	;RP0=1, select bank1
  1410     0F5E  1303               	bcf	3,6	;RP1=0, select bank1
  1411     0F5F  0087               	movwf	7	;volatile
  1412                           
  1413                           ;main.c: 38:     PORTC = 0b00000000;
  1414     0F60  1283               	bcf	3,5	;RP0=0, select bank0
  1415     0F61  1303               	bcf	3,6	;RP1=0, select bank0
  1416     0F62  0187               	clrf	7	;volatile
  1417     0F63                     l66:
  1418     0F63  0008               	return
  1419     0F64                     __end_of_pins_init:
  1420                           
  1421                           	psect	text3
  1422     04AB                     __ptext3:	
  1423 ;; *************** function _lcd_print *****************
  1424 ;; Defined at:
  1425 ;;		line 50 in file "my_lcd.c"
  1426 ;; Parameters:    Size  Location     Type
  1427 ;;		None
  1428 ;; Auto vars:     Size  Location     Type
  1429 ;;  buf             3   50[BANK0 ] unsigned char [3]
  1430 ;; Return value:  Size  Location     Type
  1431 ;;                  1    wreg      _Bool 
  1432 ;; Registers used:
  1433 ;;		wreg, fsr0l, fsr0h, status,2, status,0, btemp+1, pclath, cstack
  1434 ;; Tracked objects:
  1435 ;;		On entry : 0/0
  1436 ;;		On exit  : 0/0
  1437 ;;		Unchanged: 0/0
  1438 ;; Data sizes:     COMMON   BANK0   BANK1   BANK2
  1439 ;;      Params:         0       0       0       0
  1440 ;;      Locals:         0       3       0       0
  1441 ;;      Temps:          0       2       0       0
  1442 ;;      Totals:         0       5       0       0
  1443 ;;Total ram usage:        5 bytes
  1444 ;; Hardware stack levels used: 1
  1445 ;; Hardware stack levels required when called: 7
  1446 ;; This function calls:
  1447 ;;		_lcd_clear
  1448 ;;		_lcd_send_string
  1449 ;;		_sprintf
  1450 ;; This function is called by:
  1451 ;;		_main
  1452 ;; This function uses a non-reentrant model
  1453 ;;
  1454                           
  1455     04AB                     _lcd_print:	
  1456                           ;psect for function _lcd_print
  1457                           
  1458     04AB                     l1818:	
  1459                           ;incstack = 0
  1460                           ; Regs used in _lcd_print: [wreg-fsr0h+status,2+status,0+btemp+1+pclath+cstack]
  1461                           
  1462                           
  1463                           ;my_lcd.c: 51:     static uint8_t lcdMode = 0;;my_lcd.c: 53:     char buf[3];;my_lcd.c: 
      +                          56:     if(!SYSTEM_RUNNING && lcdMode != 0){
  1464     04AB  1283               	bcf	3,5	;RP0=0, select bank0
  1465     04AC  1303               	bcf	3,6	;RP1=0, select bank0
  1466     04AD  0862               	movf	_SYSTEM_RUNNING,w
  1467     04AE  1D03               	btfss	3,2
  1468     04AF  2CB1               	goto	u1671
  1469     04B0  2CB2               	goto	u1670
  1470     04B1                     u1671:
  1471     04B1  2CBD               	goto	l1830
  1472     04B2                     u1670:
  1473     04B2                     l1820:
  1474     04B2  085E               	movf	lcd_print@lcdMode,w
  1475     04B3  1903               	btfsc	3,2
  1476     04B4  2CB6               	goto	u1681
  1477     04B5  2CB7               	goto	u1680
  1478     04B6                     u1681:
  1479     04B6  2CBD               	goto	l1830
  1480     04B7                     u1680:
  1481     04B7                     l1822:
  1482                           
  1483                           ;my_lcd.c: 57:         lcdMode = 0;
  1484     04B7  01DE               	clrf	lcd_print@lcdMode
  1485     04B8                     l1824:
  1486                           
  1487                           ;my_lcd.c: 58:         lcd_clear();
  1488     04B8  158A  27B9  118A   	fcall	_lcd_clear
  1489     04BB                     l1826:
  1490                           
  1491                           ;my_lcd.c: 59:         return 1;
  1492     04BB  3001               	movlw	1
  1493     04BC  2D1C               	goto	l127
  1494     04BD                     l1830:
  1495                           
  1496                           ;my_lcd.c: 63:     if(LOCK_MODE && SYSTEM_RUNNING && lcdMode != 1) {
  1497     04BD  0863               	movf	_LOCK_MODE,w
  1498     04BE  1903               	btfsc	3,2
  1499     04BF  2CC1               	goto	u1691
  1500     04C0  2CC2               	goto	u1690
  1501     04C1                     u1691:
  1502     04C1  2CDB               	goto	l1846
  1503     04C2                     u1690:
  1504     04C2                     l1832:
  1505     04C2  0862               	movf	_SYSTEM_RUNNING,w
  1506     04C3  1903               	btfsc	3,2
  1507     04C4  2CC6               	goto	u1701
  1508     04C5  2CC7               	goto	u1700
  1509     04C6                     u1701:
  1510     04C6  2CDB               	goto	l1846
  1511     04C7                     u1700:
  1512     04C7                     l1834:
  1513     04C7  035E               	decf	lcd_print@lcdMode,w
  1514     04C8  1903               	btfsc	3,2
  1515     04C9  2CCB               	goto	u1711
  1516     04CA  2CCC               	goto	u1710
  1517     04CB                     u1711:
  1518     04CB  2CDB               	goto	l1846
  1519     04CC                     u1710:
  1520     04CC                     l1836:
  1521                           
  1522                           ;my_lcd.c: 64:         lcdMode = 1;
  1523     04CC  3001               	movlw	1
  1524     04CD  00DE               	movwf	lcd_print@lcdMode
  1525     04CE                     l1838:
  1526                           
  1527                           ;my_lcd.c: 65:         lcd_clear();
  1528     04CE  158A  27B9  118A   	fcall	_lcd_clear
  1529     04D1                     l1840:
  1530                           
  1531                           ;my_lcd.c: 66:         lcd_send_string("LOCK MODE");
  1532     04D1  300D               	movlw	(low ((STR_1-__stringbase)| (0+32768)))& (0+255)
  1533     04D2  1283               	bcf	3,5	;RP0=0, select bank0
  1534     04D3  1303               	bcf	3,6	;RP1=0, select bank0
  1535     04D4  00A8               	movwf	lcd_send_string@str
  1536     04D5  3080               	movlw	128
  1537     04D6  00A9               	movwf	lcd_send_string@str+1
  1538     04D7  158A  27DC  118A   	fcall	_lcd_send_string
  1539     04DA  2CBB               	goto	l1826
  1540     04DB                     l1846:
  1541                           
  1542                           ;my_lcd.c: 71:     if(!LOCK_MODE && SYSTEM_RUNNING && lcdMode != GLOBAL_TEMPERATURE) {
  1543     04DB  0863               	movf	_LOCK_MODE,w
  1544     04DC  1D03               	btfss	3,2
  1545     04DD  2CDF               	goto	u1721
  1546     04DE  2CE0               	goto	u1720
  1547     04DF                     u1721:
  1548     04DF  2CBB               	goto	l1826
  1549     04E0                     u1720:
  1550     04E0                     l1848:
  1551     04E0  0862               	movf	_SYSTEM_RUNNING,w
  1552     04E1  1903               	btfsc	3,2
  1553     04E2  2CE4               	goto	u1731
  1554     04E3  2CE5               	goto	u1730
  1555     04E4                     u1731:
  1556     04E4  2CBB               	goto	l1826
  1557     04E5                     u1730:
  1558     04E5                     l1850:
  1559     04E5  085E               	movf	lcd_print@lcdMode,w
  1560     04E6  0664               	xorwf	_GLOBAL_TEMPERATURE,w
  1561     04E7  1903               	skipnz
  1562     04E8  2CEA               	goto	u1741
  1563     04E9  2CEB               	goto	u1740
  1564     04EA                     u1741:
  1565     04EA  2CBB               	goto	l1826
  1566     04EB                     u1740:
  1567     04EB                     l1852:
  1568                           
  1569                           ;my_lcd.c: 72:         lcdMode = GLOBAL_TEMPERATURE;
  1570     04EB  0864               	movf	_GLOBAL_TEMPERATURE,w
  1571     04EC  00DE               	movwf	lcd_print@lcdMode
  1572     04ED                     l1854:
  1573                           
  1574                           ;my_lcd.c: 73:         lcd_clear();
  1575     04ED  158A  27B9  118A   	fcall	_lcd_clear
  1576     04F0                     l1856:
  1577                           
  1578                           ;my_lcd.c: 74:         lcd_send_string("18390227   ");
  1579     04F0  3001               	movlw	(low ((STR_2-__stringbase)| (0+32768)))& (0+255)
  1580     04F1  1283               	bcf	3,5	;RP0=0, select bank0
  1581     04F2  1303               	bcf	3,6	;RP1=0, select bank0
  1582     04F3  00A8               	movwf	lcd_send_string@str
  1583     04F4  3080               	movlw	128
  1584     04F5  00A9               	movwf	lcd_send_string@str+1
  1585     04F6  158A  27DC  118A   	fcall	_lcd_send_string
  1586     04F9                     l1858:
  1587                           
  1588                           ;my_lcd.c: 75:         sprintf(buf, "%u", GLOBAL_TEMPERATURE);
  1589     04F9  3052               	movlw	(low (lcd_print@buf| 0))& (0+255)
  1590     04FA  1283               	bcf	3,5	;RP0=0, select bank0
  1591     04FB  1303               	bcf	3,6	;RP1=0, select bank0
  1592     04FC  00BF               	movwf	sprintf@s
  1593     04FD  3017               	movlw	(low ((STR_3-__stringbase)| (0+32768)))& (0+255)
  1594     04FE  00C0               	movwf	sprintf@fmt
  1595     04FF  0864               	movf	_GLOBAL_TEMPERATURE,w
  1596     0500  00D0               	movwf	??_lcd_print
  1597     0501  01D1               	clrf	??_lcd_print+1
  1598     0502  0850               	movf	??_lcd_print,w
  1599     0503  00C1               	movwf	?_sprintf+2
  1600     0504  0851               	movf	??_lcd_print+1,w
  1601     0505  00C2               	movwf	?_sprintf+3
  1602     0506  118A  27DE  118A   	fcall	_sprintf
  1603     0509                     l1860:
  1604                           
  1605                           ;my_lcd.c: 76:         lcd_send_string(buf);
  1606     0509  3052               	movlw	(low (lcd_print@buf| 0))& (0+255)
  1607     050A  1283               	bcf	3,5	;RP0=0, select bank0
  1608     050B  1303               	bcf	3,6	;RP1=0, select bank0
  1609     050C  00A8               	movwf	lcd_send_string@str
  1610     050D  3000               	movlw	0
  1611     050E  00A9               	movwf	lcd_send_string@str+1
  1612     050F  158A  27DC  118A   	fcall	_lcd_send_string
  1613     0512                     l1862:
  1614                           
  1615                           ;my_lcd.c: 77:         lcd_send_string("C");
  1616     0512  301A               	movlw	(low ((STR_4-__stringbase)| (0+32768)))& (0+255)
  1617     0513  1283               	bcf	3,5	;RP0=0, select bank0
  1618     0514  1303               	bcf	3,6	;RP1=0, select bank0
  1619     0515  00A8               	movwf	lcd_send_string@str
  1620     0516  3080               	movlw	128
  1621     0517  00A9               	movwf	lcd_send_string@str+1
  1622     0518  158A  27DC  118A   	fcall	_lcd_send_string
  1623     051B  2CBB               	goto	l1826
  1624     051C                     l127:
  1625     051C  0008               	return
  1626     051D                     __end_of_lcd_print:
  1627                           
  1628                           	psect	text4
  1629     07DE                     __ptext4:	
  1630 ;; *************** function _sprintf *****************
  1631 ;; Defined at:
  1632 ;;		line 9 in file "D:\Program Files\Microchip\xc8\v3.00\pic\sources\c99\common\nf_sprintf.c"
  1633 ;; Parameters:    Size  Location     Type
  1634 ;;  s               1   31[BANK0 ] PTR unsigned char 
  1635 ;;		 -> lcd_print@buf(3), 
  1636 ;;  fmt             1   32[BANK0 ] PTR const unsigned char 
  1637 ;;		 -> STR_3(3), 
  1638 ;; Auto vars:     Size  Location     Type
  1639 ;;  f              11   37[BANK0 ] struct _IO_FILE
  1640 ;;  ret             2    0        int 
  1641 ;;  ap              1   36[BANK0 ] PTR void [1]
  1642 ;;		 -> ?_sprintf(2), 
  1643 ;; Return value:  Size  Location     Type
  1644 ;;                  2   31[BANK0 ] int 
  1645 ;; Registers used:
  1646 ;;		wreg, fsr0l, fsr0h, status,2, status,0, btemp+1, pclath, cstack
  1647 ;; Tracked objects:
  1648 ;;		On entry : 0/0
  1649 ;;		On exit  : 0/0
  1650 ;;		Unchanged: 0/0
  1651 ;; Data sizes:     COMMON   BANK0   BANK1   BANK2
  1652 ;;      Params:         0       4       0       0
  1653 ;;      Locals:         0      12       0       0
  1654 ;;      Temps:          0       1       0       0
  1655 ;;      Totals:         0      17       0       0
  1656 ;;Total ram usage:       17 bytes
  1657 ;; Hardware stack levels used: 1
  1658 ;; Hardware stack levels required when called: 6
  1659 ;; This function calls:
  1660 ;;		_vfprintf
  1661 ;; This function is called by:
  1662 ;;		_lcd_print
  1663 ;; This function uses a non-reentrant model
  1664 ;;
  1665                           
  1666     07DE                     _sprintf:	
  1667                           ;psect for function _sprintf
  1668                           
  1669     07DE                     l1722:	
  1670                           ;incstack = 0
  1671                           ; Regs used in _sprintf: [wreg-fsr0h+status,2+status,0+btemp+1+pclath+cstack]
  1672                           
  1673     07DE  3041               	movlw	(low ((?_sprintf| 0+2)))& (0+255)
  1674     07DF  1283               	bcf	3,5	;RP0=0, select bank0
  1675     07E0  1303               	bcf	3,6	;RP1=0, select bank0
  1676     07E1  00C4               	movwf	sprintf@ap
  1677     07E2                     l1724:
  1678     07E2  083F               	movf	sprintf@s,w
  1679     07E3  00C5               	movwf	sprintf@f
  1680     07E4  3000               	movlw	0
  1681     07E5  00C6               	movwf	sprintf@f+1
  1682     07E6                     l1726:
  1683     07E6  01C7               	clrf	sprintf@f+2
  1684     07E7  01C8               	clrf	sprintf@f+3
  1685     07E8                     l1728:
  1686     07E8  01CE               	clrf	sprintf@f+9
  1687     07E9  01CF               	clrf	sprintf@f+10
  1688     07EA                     l1730:
  1689     07EA  3045               	movlw	low sprintf@f
  1690     07EB  00BA               	movwf	vfprintf@fp
  1691     07EC  3000               	movlw	high sprintf@f
  1692     07ED  00BB               	movwf	vfprintf@fp+1
  1693     07EE  0840               	movf	sprintf@fmt,w
  1694     07EF  00BC               	movwf	vfprintf@fmt
  1695     07F0  3044               	movlw	(low (sprintf@ap| 0))& (0+255)
  1696     07F1  00BD               	movwf	vfprintf@ap
  1697     07F2  158A  279A  118A   	fcall	_vfprintf
  1698     07F5                     l1732:
  1699     07F5  1283               	bcf	3,5	;RP0=0, select bank0
  1700     07F6  1303               	bcf	3,6	;RP1=0, select bank0
  1701     07F7  0847               	movf	sprintf@f+2,w
  1702     07F8  073F               	addwf	sprintf@s,w
  1703     07F9  00C3               	movwf	??_sprintf
  1704     07FA  0843               	movf	??_sprintf,w
  1705     07FB  0084               	movwf	4
  1706     07FC  1383               	bcf	3,7	;select IRP bank0
  1707     07FD  0180               	clrf	0
  1708     07FE                     l827:
  1709     07FE  0008               	return
  1710     07FF                     __end_of_sprintf:
  1711                           
  1712                           	psect	text5
  1713     0F9A                     __ptext5:	
  1714 ;; *************** function _vfprintf *****************
  1715 ;; Defined at:
  1716 ;;		line 1817 in file "D:\Program Files\Microchip\xc8\v3.00\pic\sources\c99\common\doprnt.c"
  1717 ;; Parameters:    Size  Location     Type
  1718 ;;  fp              2   26[BANK0 ] PTR struct _IO_FILE
  1719 ;;		 -> sprintf@f(11), 
  1720 ;;  fmt             1   28[BANK0 ] PTR const unsigned char 
  1721 ;;		 -> STR_3(3), 
  1722 ;;  ap              1   29[BANK0 ] PTR PTR void 
  1723 ;;		 -> sprintf@ap(1), 
  1724 ;; Auto vars:     Size  Location     Type
  1725 ;;  cfmt            1   30[BANK0 ] PTR unsigned char 
  1726 ;;		 -> STR_3(3), 
  1727 ;; Return value:  Size  Location     Type
  1728 ;;                  2   26[BANK0 ] int 
  1729 ;; Registers used:
  1730 ;;		wreg, fsr0l, fsr0h, status,2, status,0, btemp+1, pclath, cstack
  1731 ;; Tracked objects:
  1732 ;;		On entry : 0/0
  1733 ;;		On exit  : 0/0
  1734 ;;		Unchanged: 0/0
  1735 ;; Data sizes:     COMMON   BANK0   BANK1   BANK2
  1736 ;;      Params:         0       4       0       0
  1737 ;;      Locals:         0       1       0       0
  1738 ;;      Temps:          0       0       0       0
  1739 ;;      Totals:         0       5       0       0
  1740 ;;Total ram usage:        5 bytes
  1741 ;; Hardware stack levels used: 1
  1742 ;; Hardware stack levels required when called: 5
  1743 ;; This function calls:
  1744 ;;		_vfpfcnvrt
  1745 ;; This function is called by:
  1746 ;;		_sprintf
  1747 ;; This function uses a non-reentrant model
  1748 ;;
  1749                           
  1750     0F9A                     _vfprintf:	
  1751                           ;psect for function _vfprintf
  1752                           
  1753     0F9A                     l1694:	
  1754                           ;incstack = 0
  1755 ;; using string table level
  1756                           ; Regs used in _vfprintf: [wreg-fsr0h+status,2+status,0+btemp+1+pclath+cstack]
  1757                           
  1758                           
  1759                           ;D:\Program Files\Microchip\xc8\v3.00\pic\sources\c99\common\doprnt.c: 1817: int vfprint
      +                          f(FILE *fp, const char *fmt, va_list ap);D:\Program Files\Microchip\xc8\v3.00\pic\source
      +                          s\c99\common\doprnt.c: 1818: {;D:\Program Files\Microchip\xc8\v3.00\pic\sources\c99\comm
      +                          on\doprnt.c: 1820:     char *cfmt;;D:\Program Files\Microchip\xc8\v3.00\pic\sources\c99\
      +                          common\doprnt.c: 1822:     cfmt = (char *)fmt;
  1760     0F9A  1283               	bcf	3,5	;RP0=0, select bank0
  1761     0F9B  1303               	bcf	3,6	;RP1=0, select bank0
  1762     0F9C  083C               	movf	vfprintf@fmt,w
  1763     0F9D  00BE               	movwf	vfprintf@cfmt
  1764                           
  1765                           ;D:\Program Files\Microchip\xc8\v3.00\pic\sources\c99\common\doprnt.c: 1826:     while (
      +                          *cfmt) {
  1766     0F9E  2FAA               	goto	l1698
  1767     0F9F                     l1696:
  1768                           
  1769                           ;D:\Program Files\Microchip\xc8\v3.00\pic\sources\c99\common\doprnt.c: 1830:    vfpfcnvr
      +                          t(fp, &cfmt, ap);
  1770     0F9F  083A               	movf	vfprintf@fp,w
  1771     0FA0  00AE               	movwf	vfpfcnvrt@fp
  1772     0FA1  083B               	movf	vfprintf@fp+1,w
  1773     0FA2  00AF               	movwf	vfpfcnvrt@fp+1
  1774     0FA3  303E               	movlw	(low (vfprintf@cfmt| 0))& (0+255)
  1775     0FA4  00B0               	movwf	vfpfcnvrt@fmt
  1776     0FA5  083D               	movf	vfprintf@ap,w
  1777     0FA6  00B1               	movwf	vfpfcnvrt@ap
  1778     0FA7  118A  21D2  158A   	fcall	_vfpfcnvrt
  1779     0FAA                     l1698:
  1780                           
  1781                           ;D:\Program Files\Microchip\xc8\v3.00\pic\sources\c99\common\doprnt.c: 1826:     while (
      +                          *cfmt) {
  1782     0FAA  1283               	bcf	3,5	;RP0=0, select bank0
  1783     0FAB  1303               	bcf	3,6	;RP1=0, select bank0
  1784     0FAC  083E               	movf	vfprintf@cfmt,w
  1785     0FAD  0084               	movwf	4
  1786     0FAE  118A  27BD  158A   	fcall	stringdir
  1787     0FB1  3A00               	xorlw	0
  1788     0FB2  1D03               	skipz
  1789     0FB3  2FB5               	goto	u1611
  1790     0FB4  2FB6               	goto	u1610
  1791     0FB5                     u1611:
  1792     0FB5  2F9F               	goto	l1696
  1793     0FB6                     u1610:
  1794     0FB6                     l1700:
  1795                           
  1796                           ;D:\Program Files\Microchip\xc8\v3.00\pic\sources\c99\common\doprnt.c: 1835:  return 0;
  1797     0FB6  01BA               	clrf	?_vfprintf
  1798     0FB7  01BB               	clrf	?_vfprintf+1
  1799     0FB8                     l871:
  1800     0FB8  0008               	return
  1801     0FB9                     __end_of_vfprintf:
  1802                           
  1803                           	psect	text6
  1804     01D2                     __ptext6:	
  1805 ;; *************** function _vfpfcnvrt *****************
  1806 ;; Defined at:
  1807 ;;		line 1177 in file "D:\Program Files\Microchip\xc8\v3.00\pic\sources\c99\common\doprnt.c"
  1808 ;; Parameters:    Size  Location     Type
  1809 ;;  fp              2   14[BANK0 ] PTR struct _IO_FILE
  1810 ;;		 -> sprintf@f(11), 
  1811 ;;  fmt             1   16[BANK0 ] PTR PTR unsigned char 
  1812 ;;		 -> vfprintf@cfmt(1), 
  1813 ;;  ap              1   17[BANK0 ] PTR PTR void 
  1814 ;;		 -> sprintf@ap(1), 
  1815 ;; Auto vars:     Size  Location     Type
  1816 ;;  convarg         4   20[BANK0 ] struct .
  1817 ;;  c               1   25[BANK0 ] unsigned char 
  1818 ;;  cp              1   24[BANK0 ] PTR unsigned char 
  1819 ;;		 -> STR_3(3), 
  1820 ;;  done            1    0        _Bool 
  1821 ;; Return value:  Size  Location     Type
  1822 ;;                  1    wreg      void 
  1823 ;; Registers used:
  1824 ;;		wreg, fsr0l, fsr0h, status,2, status,0, btemp+1, pclath, cstack
  1825 ;; Tracked objects:
  1826 ;;		On entry : 0/0
  1827 ;;		On exit  : 0/0
  1828 ;;		Unchanged: 0/0
  1829 ;; Data sizes:     COMMON   BANK0   BANK1   BANK2
  1830 ;;      Params:         0       4       0       0
  1831 ;;      Locals:         0       6       0       0
  1832 ;;      Temps:          0       2       0       0
  1833 ;;      Totals:         0      12       0       0
  1834 ;;Total ram usage:       12 bytes
  1835 ;; Hardware stack levels used: 1
  1836 ;; Hardware stack levels required when called: 4
  1837 ;; This function calls:
  1838 ;;		___lwdiv
  1839 ;;		___lwmod
  1840 ;;		_fputc
  1841 ;; This function is called by:
  1842 ;;		_vfprintf
  1843 ;; This function uses a non-reentrant model
  1844 ;;
  1845                           
  1846     01D2                     _vfpfcnvrt:	
  1847                           ;psect for function _vfpfcnvrt
  1848                           
  1849     01D2                     l1600:	
  1850                           ;incstack = 0
  1851 ;; using string table level
  1852                           ; Regs used in _vfpfcnvrt: [wreg-fsr0h+status,2+status,0+btemp+1+pclath+cstack]
  1853                           
  1854                           
  1855                           ;D:\Program Files\Microchip\xc8\v3.00\pic\sources\c99\common\doprnt.c: 1177: vfpfcnvrt(F
      +                          ILE *fp, char *fmt[], va_list ap);D:\Program Files\Microchip\xc8\v3.00\pic\sources\c99\c
      +                          ommon\doprnt.c: 1178: {;D:\Program Files\Microchip\xc8\v3.00\pic\sources\c99\common\dopr
      +                          nt.c: 1179:     char c, *cp;;D:\Program Files\Microchip\xc8\v3.00\pic\sources\c99\common
      +                          \doprnt.c: 1180:     _Bool done;;D:\Program Files\Microchip\xc8\v3.00\pic\sources\c99\co
      +                          mmon\doprnt.c: 1188:  } convarg;;D:\Program Files\Microchip\xc8\v3.00\pic\sources\c99\co
      +                          mmon\doprnt.c: 1201:     if ((*fmt)[0] == '%') {
  1856     01D2  1283               	bcf	3,5	;RP0=0, select bank0
  1857     01D3  1303               	bcf	3,6	;RP1=0, select bank0
  1858     01D4  0830               	movf	vfpfcnvrt@fmt,w
  1859     01D5  0084               	movwf	4
  1860     01D6  1383               	bcf	3,7	;select IRP bank0
  1861     01D7  0800               	movf	0,w
  1862     01D8  0084               	movwf	4
  1863     01D9  118A  27BD  118A   	fcall	stringdir
  1864     01DC  3A25               	xorlw	37
  1865     01DD  1D03               	skipz
  1866     01DE  29E0               	goto	u1401
  1867     01DF  29E1               	goto	u1400
  1868     01E0                     u1401:
  1869     01E0  2A71               	goto	l1638
  1870     01E1                     u1400:
  1871     01E1                     l1602:
  1872                           
  1873                           ;D:\Program Files\Microchip\xc8\v3.00\pic\sources\c99\common\doprnt.c: 1202:         ++*
      +                          fmt;
  1874     01E1  0830               	movf	vfpfcnvrt@fmt,w
  1875     01E2  0084               	movwf	4
  1876     01E3  3001               	movlw	1
  1877     01E4  0780               	addwf	0,f
  1878     01E5                     l1604:
  1879                           
  1880                           ;D:\Program Files\Microchip\xc8\v3.00\pic\sources\c99\common\doprnt.c: 1204:         fla
      +                          gs = width = 0;
  1881     01E5  01D5               	clrf	_width
  1882     01E6  01D6               	clrf	_width+1
  1883     01E7  3000               	movlw	0
  1884     01E8  00D9               	movwf	_flags
  1885     01E9                     l1606:
  1886                           
  1887                           ;D:\Program Files\Microchip\xc8\v3.00\pic\sources\c99\common\doprnt.c: 1205:         pre
      +                          c = -1;
  1888     01E9  30FF               	movlw	255
  1889     01EA  00D7               	movwf	_prec
  1890     01EB  30FF               	movlw	255
  1891     01EC  00D8               	movwf	_prec+1
  1892     01ED                     l1608:
  1893                           
  1894                           ;D:\Program Files\Microchip\xc8\v3.00\pic\sources\c99\common\doprnt.c: 1439:   if (0
  1895     01ED  0830               	movf	vfpfcnvrt@fmt,w
  1896     01EE  0084               	movwf	4
  1897     01EF  0800               	movf	0,w
  1898     01F0  00B8               	movwf	vfpfcnvrt@cp
  1899     01F1                     l1610:
  1900     01F1  0838               	movf	vfpfcnvrt@cp,w
  1901     01F2  0084               	movwf	4
  1902     01F3  118A  27BD  118A   	fcall	stringdir
  1903     01F6  3A75               	xorlw	117
  1904     01F7  1D03               	skipz
  1905     01F8  29FA               	goto	u1411
  1906     01F9  29FB               	goto	u1410
  1907     01FA                     u1411:
  1908     01FA  2A69               	goto	l1634
  1909     01FB                     u1410:
  1910     01FB                     l1612:
  1911                           
  1912                           ;D:\Program Files\Microchip\xc8\v3.00\pic\sources\c99\common\doprnt.c: 1452:     ) {;D:\
      +                          Program Files\Microchip\xc8\v3.00\pic\sources\c99\common\doprnt.c: 1495:    convarg.uint
      +                           = (vfpf_uint_t)(unsigned int)(*(unsigned int *)__va_arg(*(unsigned int **)ap, (unsigned
      +                           int)0));
  1913     01FB  0831               	movf	vfpfcnvrt@ap,w
  1914     01FC  0084               	movwf	4
  1915     01FD  0800               	movf	0,w
  1916     01FE  00FF               	movwf	btemp+1
  1917     01FF  3002               	movlw	2
  1918     0200  0780               	addwf	0,f
  1919     0201  087F               	movf	btemp+1,w
  1920     0202  0084               	movwf	4
  1921     0203  0800               	movf	0,w
  1922     0204  00B4               	movwf	vfpfcnvrt@convarg
  1923     0205  0A84               	incf	4,f
  1924     0206  0800               	movf	0,w
  1925     0207  00B5               	movwf	vfpfcnvrt@convarg+1
  1926     0208                     l1614:
  1927                           
  1928                           ;D:\Program Files\Microchip\xc8\v3.00\pic\sources\c99\common\doprnt.c: 1497:    *fmt = c
      +                          p+1;
  1929     0208  0830               	movf	vfpfcnvrt@fmt,w
  1930     0209  0084               	movwf	4
  1931     020A  0838               	movf	vfpfcnvrt@cp,w
  1932     020B  3E01               	addlw	1
  1933     020C  0080               	movwf	0
  1934                           
  1935                           ;D:\Program Files\Microchip\xc8\v3.00\pic\sources\c99\common\doprnt.c: 1498:    switch (
      +                          *cp) {
  1936     020D  2A60               	goto	l1632
  1937     020E                     l856:	
  1938                           ;D:\Program Files\Microchip\xc8\v3.00\pic\sources\c99\common\doprnt.c: 1523:     case 'u
      +                          ':
  1939                           
  1940                           
  1941                           ;D:\Program Files\Microchip\xc8\v3.00\pic\sources\c99\common\doprnt.c: 1525:      c = si
      +                          zeof(dbuf);
  1942     020E  3020               	movlw	32
  1943     020F  00B9               	movwf	vfpfcnvrt@c
  1944     0210                     l1616:
  1945                           
  1946                           ;D:\Program Files\Microchip\xc8\v3.00\pic\sources\c99\common\doprnt.c: 1527:       dbuf[
      +                          --c] = (convarg.uint % 10) + '0';
  1947     0210  3001               	movlw	1
  1948     0211  02B9               	subwf	vfpfcnvrt@c,f
  1949     0212  0839               	movf	vfpfcnvrt@c,w
  1950     0213  3EA0               	addlw	(low (_dbuf| 0))& (0+255)
  1951     0214  0084               	movwf	4
  1952     0215  300A               	movlw	10
  1953     0216  00A1               	movwf	___lwmod@divisor
  1954     0217  3000               	movlw	0
  1955     0218  00A2               	movwf	___lwmod@divisor+1
  1956     0219  0835               	movf	vfpfcnvrt@convarg+1,w
  1957     021A  00A4               	movwf	___lwmod@dividend+1
  1958     021B  0834               	movf	vfpfcnvrt@convarg,w
  1959     021C  00A3               	movwf	___lwmod@dividend
  1960     021D  118A  2779  118A   	fcall	___lwmod
  1961     0220  1283               	bcf	3,5	;RP0=0, select bank0
  1962     0221  1303               	bcf	3,6	;RP1=0, select bank0
  1963     0222  0821               	movf	?___lwmod,w
  1964     0223  3E30               	addlw	48
  1965     0224  1383               	bcf	3,7	;select IRP bank1
  1966     0225  0080               	movwf	0
  1967     0226                     l1618:
  1968                           
  1969                           ;D:\Program Files\Microchip\xc8\v3.00\pic\sources\c99\common\doprnt.c: 1528:       conva
      +                          rg.uint /= 10;
  1970     0226  300A               	movlw	10
  1971     0227  00A1               	movwf	___lwdiv@divisor
  1972     0228  3000               	movlw	0
  1973     0229  00A2               	movwf	___lwdiv@divisor+1
  1974     022A  0835               	movf	vfpfcnvrt@convarg+1,w
  1975     022B  00A4               	movwf	___lwdiv@dividend+1
  1976     022C  0834               	movf	vfpfcnvrt@convarg,w
  1977     022D  00A3               	movwf	___lwdiv@dividend
  1978     022E  118A  26B6  118A   	fcall	___lwdiv
  1979     0231  1283               	bcf	3,5	;RP0=0, select bank0
  1980     0232  1303               	bcf	3,6	;RP1=0, select bank0
  1981     0233  0822               	movf	?___lwdiv+1,w
  1982     0234  00B5               	movwf	vfpfcnvrt@convarg+1
  1983     0235  0821               	movf	?___lwdiv,w
  1984     0236  00B4               	movwf	vfpfcnvrt@convarg
  1985     0237                     l1620:
  1986                           
  1987                           ;D:\Program Files\Microchip\xc8\v3.00\pic\sources\c99\common\doprnt.c: 1532:      } whil
      +                          e (convarg.uint != 0 && c != 0);
  1988     0237  0834               	movf	vfpfcnvrt@convarg,w
  1989     0238  0435               	iorwf	vfpfcnvrt@convarg+1,w
  1990     0239  1903               	btfsc	3,2
  1991     023A  2A3C               	goto	u1421
  1992     023B  2A3D               	goto	u1420
  1993     023C                     u1421:
  1994     023C  2A59               	goto	l1628
  1995     023D                     u1420:
  1996     023D                     l1622:
  1997     023D  0839               	movf	vfpfcnvrt@c,w
  1998     023E  1D03               	btfss	3,2
  1999     023F  2A41               	goto	u1431
  2000     0240  2A42               	goto	u1430
  2001     0241                     u1431:
  2002     0241  2A10               	goto	l1616
  2003     0242                     u1430:
  2004     0242  2A59               	goto	l1628
  2005     0243                     l1624:
  2006                           
  2007                           ;D:\Program Files\Microchip\xc8\v3.00\pic\sources\c99\common\doprnt.c: 1534:       fputc
      +                          (dbuf[c++], fp);
  2008     0243  0839               	movf	vfpfcnvrt@c,w
  2009     0244  3EA0               	addlw	(low (_dbuf| 0))& (0+255)
  2010     0245  0084               	movwf	4
  2011     0246  1383               	bcf	3,7	;select IRP bank1
  2012     0247  0800               	movf	0,w
  2013     0248  00B2               	movwf	??_vfpfcnvrt
  2014     0249  01B3               	clrf	??_vfpfcnvrt+1
  2015     024A  0832               	movf	??_vfpfcnvrt,w
  2016     024B  00A1               	movwf	fputc@c
  2017     024C  0833               	movf	??_vfpfcnvrt+1,w
  2018     024D  00A2               	movwf	fputc@c+1
  2019     024E  082E               	movf	vfpfcnvrt@fp,w
  2020     024F  00A3               	movwf	fputc@fp
  2021     0250  082F               	movf	vfpfcnvrt@fp+1,w
  2022     0251  00A4               	movwf	fputc@fp+1
  2023     0252  118A  2287  118A   	fcall	_fputc
  2024     0255                     l1626:
  2025     0255  3001               	movlw	1
  2026     0256  1283               	bcf	3,5	;RP0=0, select bank0
  2027     0257  1303               	bcf	3,6	;RP1=0, select bank0
  2028     0258  07B9               	addwf	vfpfcnvrt@c,f
  2029     0259                     l1628:
  2030                           
  2031                           ;D:\Program Files\Microchip\xc8\v3.00\pic\sources\c99\common\doprnt.c: 1533:      while 
      +                          (c != sizeof(dbuf)) {
  2032     0259  3020               	movlw	32
  2033     025A  0639               	xorwf	vfpfcnvrt@c,w
  2034     025B  1D03               	btfss	3,2
  2035     025C  2A5E               	goto	u1441
  2036     025D  2A5F               	goto	u1440
  2037     025E                     u1441:
  2038     025E  2A43               	goto	l1624
  2039     025F                     u1440:
  2040     025F  2A86               	goto	l864
  2041     0260                     l1632:
  2042     0260  0838               	movf	vfpfcnvrt@cp,w
  2043     0261  0084               	movwf	4
  2044     0262  118A  27BD  118A   	fcall	stringdir
  2045                           
  2046                           ; Switch size 1, requested type "simple"
  2047                           ; Number of cases is 1, Range of values is 117 to 117
  2048                           ; switch strategies available:
  2049                           ; Name         Instructions Cycles
  2050                           ; simple_byte            4     3 (average)
  2051                           ; direct_byte           12    10 (fixed)
  2052                           ; jumptable            263     9 (fixed)
  2053                           ;	Chosen strategy is simple_byte
  2054     0265  3A75               	xorlw	117	; case 117
  2055     0266  1903               	skipnz
  2056     0267  2A0E               	goto	l856
  2057     0268  2A69               	goto	l1634
  2058     0269                     l1634:
  2059                           
  2060                           ;D:\Program Files\Microchip\xc8\v3.00\pic\sources\c99\common\doprnt.c: 1806:         ++*
      +                          fmt;
  2061     0269  1283               	bcf	3,5	;RP0=0, select bank0
  2062     026A  1303               	bcf	3,6	;RP1=0, select bank0
  2063     026B  0830               	movf	vfpfcnvrt@fmt,w
  2064     026C  0084               	movwf	4
  2065     026D  3001               	movlw	1
  2066     026E  1383               	bcf	3,7	;select IRP bank0
  2067     026F  0780               	addwf	0,f
  2068     0270  2A86               	goto	l864
  2069     0271                     l1638:
  2070                           
  2071                           ;D:\Program Files\Microchip\xc8\v3.00\pic\sources\c99\common\doprnt.c: 1811:     fputc((
      +                          int)(*fmt)[0], fp);
  2072     0271  0830               	movf	vfpfcnvrt@fmt,w
  2073     0272  0084               	movwf	4
  2074     0273  0800               	movf	0,w
  2075     0274  0084               	movwf	4
  2076     0275  118A  27BD  118A   	fcall	stringdir
  2077     0278  00B2               	movwf	??_vfpfcnvrt
  2078     0279  01B3               	clrf	??_vfpfcnvrt+1
  2079     027A  0832               	movf	??_vfpfcnvrt,w
  2080     027B  00A1               	movwf	fputc@c
  2081     027C  0833               	movf	??_vfpfcnvrt+1,w
  2082     027D  00A2               	movwf	fputc@c+1
  2083     027E  082E               	movf	vfpfcnvrt@fp,w
  2084     027F  00A3               	movwf	fputc@fp
  2085     0280  082F               	movf	vfpfcnvrt@fp+1,w
  2086     0281  00A4               	movwf	fputc@fp+1
  2087     0282  118A  2287  118A   	fcall	_fputc
  2088     0285  2A69               	goto	l1634
  2089     0286                     l864:
  2090     0286  0008               	return
  2091     0287                     __end_of_vfpfcnvrt:
  2092                           
  2093                           	psect	text7
  2094     0287                     __ptext7:	
  2095 ;; *************** function _fputc *****************
  2096 ;; Defined at:
  2097 ;;		line 8 in file "D:\Program Files\Microchip\xc8\v3.00\pic\sources\c99\common\nf_fputc.c"
  2098 ;; Parameters:    Size  Location     Type
  2099 ;;  c               2    1[BANK0 ] int 
  2100 ;;  fp              2    3[BANK0 ] PTR struct _IO_FILE
  2101 ;;		 -> sprintf@f(11), 
  2102 ;; Auto vars:     Size  Location     Type
  2103 ;;		None
  2104 ;; Return value:  Size  Location     Type
  2105 ;;                  2    1[BANK0 ] int 
  2106 ;; Registers used:
  2107 ;;		wreg, fsr0l, fsr0h, status,2, status,0, pclath, cstack
  2108 ;; Tracked objects:
  2109 ;;		On entry : 0/0
  2110 ;;		On exit  : 0/0
  2111 ;;		Unchanged: 0/0
  2112 ;; Data sizes:     COMMON   BANK0   BANK1   BANK2
  2113 ;;      Params:         0       4       0       0
  2114 ;;      Locals:         0       0       0       0
  2115 ;;      Temps:          0       9       0       0
  2116 ;;      Totals:         0      13       0       0
  2117 ;;Total ram usage:       13 bytes
  2118 ;; Hardware stack levels used: 1
  2119 ;; Hardware stack levels required when called: 3
  2120 ;; This function calls:
  2121 ;;		_putch
  2122 ;; This function is called by:
  2123 ;;		_vfpfcnvrt
  2124 ;; This function uses a non-reentrant model
  2125 ;;
  2126                           
  2127     0287                     _fputc:	
  2128                           ;psect for function _fputc
  2129                           
  2130     0287                     l1568:	
  2131                           ;incstack = 0
  2132                           ; Regs used in _fputc: [wreg-fsr0h+status,2+status,0+pclath+cstack]
  2133                           
  2134     0287  1283               	bcf	3,5	;RP0=0, select bank0
  2135     0288  1303               	bcf	3,6	;RP1=0, select bank0
  2136     0289  0823               	movf	fputc@fp,w
  2137     028A  0424               	iorwf	fputc@fp+1,w
  2138     028B  1903               	btfsc	3,2
  2139     028C  2A8E               	goto	u1331
  2140     028D  2A8F               	goto	u1330
  2141     028E                     u1331:
  2142     028E  2A95               	goto	l1572
  2143     028F                     u1330:
  2144     028F                     l1570:
  2145     028F  0823               	movf	fputc@fp,w
  2146     0290  0424               	iorwf	fputc@fp+1,w
  2147     0291  1D03               	btfss	3,2
  2148     0292  2A94               	goto	u1341
  2149     0293  2A95               	goto	u1340
  2150     0294                     u1341:
  2151     0294  2A9A               	goto	l1574
  2152     0295                     u1340:
  2153     0295                     l1572:
  2154     0295  0821               	movf	fputc@c,w
  2155     0296  118A  27FF  118A   	fcall	_putch
  2156     0299  2B24               	goto	l883
  2157     029A                     l1574:
  2158     029A  0823               	movf	fputc@fp,w
  2159     029B  3E09               	addlw	9
  2160     029C  00A5               	movwf	??_fputc
  2161     029D  0824               	movf	fputc@fp+1,w
  2162     029E  1803               	skipnc
  2163     029F  3E01               	addlw	1
  2164     02A0  3E00               	addlw	0
  2165     02A1  00A6               	movwf	??_fputc+1
  2166     02A2  0825               	movf	??_fputc,w
  2167     02A3  0084               	movwf	4
  2168     02A4  1783               	bsf	3,7
  2169     02A5  1C26               	btfss	??_fputc+1,0
  2170     02A6  1383               	bcf	3,7
  2171     02A7  0800               	movf	0,w
  2172     02A8  00A7               	movwf	??_fputc+2
  2173     02A9  0A84               	incf	4,f
  2174     02AA  0800               	movf	0,w
  2175     02AB  00A8               	movwf	??_fputc+3
  2176     02AC  0827               	movf	??_fputc+2,w
  2177     02AD  0428               	iorwf	??_fputc+3,w
  2178     02AE  1903               	btfsc	3,2
  2179     02AF  2AB1               	goto	u1351
  2180     02B0  2AB2               	goto	u1350
  2181     02B1                     u1351:
  2182     02B1  2AE4               	goto	l1578
  2183     02B2                     u1350:
  2184     02B2                     l1576:
  2185     02B2  0823               	movf	fputc@fp,w
  2186     02B3  3E09               	addlw	9
  2187     02B4  00A5               	movwf	??_fputc
  2188     02B5  0824               	movf	fputc@fp+1,w
  2189     02B6  1803               	skipnc
  2190     02B7  3E01               	addlw	1
  2191     02B8  3E00               	addlw	0
  2192     02B9  00A6               	movwf	??_fputc+1
  2193     02BA  0825               	movf	??_fputc,w
  2194     02BB  0084               	movwf	4
  2195     02BC  1783               	bsf	3,7
  2196     02BD  1C26               	btfss	??_fputc+1,0
  2197     02BE  1383               	bcf	3,7
  2198     02BF  0800               	movf	0,w
  2199     02C0  00A7               	movwf	??_fputc+2
  2200     02C1  0A84               	incf	4,f
  2201     02C2  0800               	movf	0,w
  2202     02C3  00A8               	movwf	??_fputc+3
  2203     02C4  0823               	movf	fputc@fp,w
  2204     02C5  3E02               	addlw	2
  2205     02C6  00A9               	movwf	??_fputc+4
  2206     02C7  0824               	movf	fputc@fp+1,w
  2207     02C8  1803               	skipnc
  2208     02C9  3E01               	addlw	1
  2209     02CA  3E00               	addlw	0
  2210     02CB  00AA               	movwf	??_fputc+5
  2211     02CC  0829               	movf	??_fputc+4,w
  2212     02CD  0084               	movwf	4
  2213     02CE  1783               	bsf	3,7
  2214     02CF  1C2A               	btfss	??_fputc+5,0
  2215     02D0  1383               	bcf	3,7
  2216     02D1  0800               	movf	0,w
  2217     02D2  00AB               	movwf	??_fputc+6
  2218     02D3  0A84               	incf	4,f
  2219     02D4  0800               	movf	0,w
  2220     02D5  00AC               	movwf	??_fputc+7
  2221     02D6  082C               	movf	??_fputc+7,w
  2222     02D7  3A80               	xorlw	128
  2223     02D8  00AD               	movwf	??_fputc+8
  2224     02D9  0828               	movf	??_fputc+3,w
  2225     02DA  3A80               	xorlw	128
  2226     02DB  022D               	subwf	??_fputc+8,w
  2227     02DC  1D03               	skipz
  2228     02DD  2AE0               	goto	u1365
  2229     02DE  0827               	movf	??_fputc+2,w
  2230     02DF  022B               	subwf	??_fputc+6,w
  2231     02E0                     u1365:
  2232     02E0  1803               	skipnc
  2233     02E1  2AE3               	goto	u1361
  2234     02E2  2AE4               	goto	u1360
  2235     02E3                     u1361:
  2236     02E3  2B24               	goto	l883
  2237     02E4                     u1360:
  2238     02E4                     l1578:
  2239     02E4  1283               	bcf	3,5	;RP0=0, select bank0
  2240     02E5  1303               	bcf	3,6	;RP1=0, select bank0
  2241     02E6  0823               	movf	fputc@fp,w
  2242     02E7  0084               	movwf	4
  2243     02E8  1783               	bsf	3,7
  2244     02E9  1C24               	btfss	fputc@fp+1,0
  2245     02EA  1383               	bcf	3,7
  2246     02EB  0800               	movf	0,w
  2247     02EC  00A5               	movwf	??_fputc
  2248     02ED  0A84               	incf	4,f
  2249     02EE  0800               	movf	0,w
  2250     02EF  00A6               	movwf	??_fputc+1
  2251     02F0  0823               	movf	fputc@fp,w
  2252     02F1  3E02               	addlw	2
  2253     02F2  00A7               	movwf	??_fputc+2
  2254     02F3  0824               	movf	fputc@fp+1,w
  2255     02F4  1803               	skipnc
  2256     02F5  3E01               	addlw	1
  2257     02F6  3E00               	addlw	0
  2258     02F7  00A8               	movwf	??_fputc+3
  2259     02F8  0827               	movf	??_fputc+2,w
  2260     02F9  0084               	movwf	4
  2261     02FA  1783               	bsf	3,7
  2262     02FB  1C28               	btfss	??_fputc+3,0
  2263     02FC  1383               	bcf	3,7
  2264     02FD  0800               	movf	0,w
  2265     02FE  0725               	addwf	??_fputc,w
  2266     02FF  00AA               	movwf	??_fputc+5
  2267     0300  0826               	movf	??_fputc+1,w
  2268     0301  00A9               	movwf	??_fputc+4
  2269     0302  1803               	skipnc
  2270     0303  0AA9               	incf	??_fputc+4,f
  2271     0304  1F80               	btfss	0,7
  2272     0305  2B07               	goto	u1370
  2273     0306  03A9               	decf	??_fputc+4,f
  2274     0307                     u1370:
  2275     0307  1283               	bcf	3,5	;RP0=0, select bank0
  2276     0308  1303               	bcf	3,6	;RP1=0, select bank0
  2277     0309  0829               	movf	??_fputc+4,w
  2278     030A  00AB               	movwf	??_fputc+6
  2279     030B  082A               	movf	??_fputc+5,w
  2280     030C  0084               	movwf	4
  2281     030D  1783               	bsf	3,7
  2282     030E  1C2B               	btfss	??_fputc+6,0
  2283     030F  1383               	bcf	3,7
  2284     0310  0821               	movf	fputc@c,w
  2285     0311  0080               	movwf	0
  2286     0312  0823               	movf	fputc@fp,w
  2287     0313  3E02               	addlw	2
  2288     0314  00A5               	movwf	??_fputc
  2289     0315  0824               	movf	fputc@fp+1,w
  2290     0316  1803               	skipnc
  2291     0317  3E01               	addlw	1
  2292     0318  3E00               	addlw	0
  2293     0319  00A6               	movwf	??_fputc+1
  2294     031A  0825               	movf	??_fputc,w
  2295     031B  0084               	movwf	4
  2296     031C  1783               	bsf	3,7
  2297     031D  1C26               	btfss	??_fputc+1,0
  2298     031E  1383               	bcf	3,7
  2299     031F  3001               	movlw	1
  2300     0320  0780               	addwf	0,f
  2301     0321  0A84               	incf	4,f
  2302     0322  1803               	skipnc
  2303     0323  0A80               	incf	0,f
  2304     0324                     l883:
  2305     0324  0008               	return
  2306     0325                     __end_of_fputc:
  2307                           
  2308                           	psect	text8
  2309     07FF                     __ptext8:	
  2310 ;; *************** function _putch *****************
  2311 ;; Defined at:
  2312 ;;		line 7 in file "D:\Program Files\Microchip\xc8\v3.00\pic\sources\c99\common\putch.c"
  2313 ;; Parameters:    Size  Location     Type
  2314 ;;  c               1    wreg     unsigned char 
  2315 ;; Auto vars:     Size  Location     Type
  2316 ;;  c               1    0[COMMON] unsigned char 
  2317 ;; Return value:  Size  Location     Type
  2318 ;;                  1    wreg      void 
  2319 ;; Registers used:
  2320 ;;		wreg
  2321 ;; Tracked objects:
  2322 ;;		On entry : 0/0
  2323 ;;		On exit  : 0/0
  2324 ;;		Unchanged: 0/0
  2325 ;; Data sizes:     COMMON   BANK0   BANK1   BANK2
  2326 ;;      Params:         0       0       0       0
  2327 ;;      Locals:         0       0       0       0
  2328 ;;      Temps:          0       0       0       0
  2329 ;;      Totals:         0       0       0       0
  2330 ;;Total ram usage:        0 bytes
  2331 ;; Hardware stack levels used: 1
  2332 ;; Hardware stack levels required when called: 2
  2333 ;; This function calls:
  2334 ;;		Nothing
  2335 ;; This function is called by:
  2336 ;;		_fputc
  2337 ;; This function uses a non-reentrant model
  2338 ;;
  2339                           
  2340     07FF                     _putch:	
  2341                           ;psect for function _putch
  2342                           
  2343     07FF                     l894:	
  2344                           ;incstack = 0
  2345                           ; Regs used in _putch: [wreg]
  2346                           
  2347     07FF  0008               	return
  2348     0800                     __end_of_putch:
  2349                           
  2350                           	psect	text9
  2351     0779                     __ptext9:	
  2352 ;; *************** function ___lwmod *****************
  2353 ;; Defined at:
  2354 ;;		line 5 in file "D:\Program Files\Microchip\xc8\v3.00\pic\sources\c99\common\lwmod.c"
  2355 ;; Parameters:    Size  Location     Type
  2356 ;;  divisor         2    1[BANK0 ] unsigned int 
  2357 ;;  dividend        2    3[BANK0 ] unsigned int 
  2358 ;; Auto vars:     Size  Location     Type
  2359 ;;  counter         1    5[BANK0 ] unsigned char 
  2360 ;; Return value:  Size  Location     Type
  2361 ;;                  2    1[BANK0 ] unsigned int 
  2362 ;; Registers used:
  2363 ;;		wreg, status,2, status,0
  2364 ;; Tracked objects:
  2365 ;;		On entry : 0/0
  2366 ;;		On exit  : 0/0
  2367 ;;		Unchanged: 0/0
  2368 ;; Data sizes:     COMMON   BANK0   BANK1   BANK2
  2369 ;;      Params:         0       4       0       0
  2370 ;;      Locals:         0       1       0       0
  2371 ;;      Temps:          0       0       0       0
  2372 ;;      Totals:         0       5       0       0
  2373 ;;Total ram usage:        5 bytes
  2374 ;; Hardware stack levels used: 1
  2375 ;; Hardware stack levels required when called: 2
  2376 ;; This function calls:
  2377 ;;		Nothing
  2378 ;; This function is called by:
  2379 ;;		_vfpfcnvrt
  2380 ;; This function uses a non-reentrant model
  2381 ;;
  2382                           
  2383     0779                     ___lwmod:	
  2384                           ;psect for function ___lwmod
  2385                           
  2386     0779                     l1546:	
  2387                           ;incstack = 0
  2388                           ; Regs used in ___lwmod: [wreg+status,2+status,0]
  2389                           
  2390     0779  1283               	bcf	3,5	;RP0=0, select bank0
  2391     077A  1303               	bcf	3,6	;RP1=0, select bank0
  2392     077B  0821               	movf	___lwmod@divisor,w
  2393     077C  0422               	iorwf	___lwmod@divisor+1,w
  2394     077D  1903               	btfsc	3,2
  2395     077E  2F80               	goto	u1271
  2396     077F  2F81               	goto	u1270
  2397     0780                     u1271:
  2398     0780  2FAE               	goto	l1564
  2399     0781                     u1270:
  2400     0781                     l1548:
  2401     0781  3001               	movlw	1
  2402     0782  00A5               	movwf	___lwmod@counter
  2403     0783  2F8D               	goto	l1554
  2404     0784                     l1550:
  2405     0784  3001               	movlw	1
  2406     0785                     u1285:
  2407     0785  1003               	clrc
  2408     0786  0DA1               	rlf	___lwmod@divisor,f
  2409     0787  0DA2               	rlf	___lwmod@divisor+1,f
  2410     0788  3EFF               	addlw	-1
  2411     0789  1D03               	skipz
  2412     078A  2F85               	goto	u1285
  2413     078B                     l1552:
  2414     078B  3001               	movlw	1
  2415     078C  07A5               	addwf	___lwmod@counter,f
  2416     078D                     l1554:
  2417     078D  1FA2               	btfss	___lwmod@divisor+1,7
  2418     078E  2F90               	goto	u1291
  2419     078F  2F91               	goto	u1290
  2420     0790                     u1291:
  2421     0790  2F84               	goto	l1550
  2422     0791                     u1290:
  2423     0791                     l1556:
  2424     0791  0822               	movf	___lwmod@divisor+1,w
  2425     0792  0224               	subwf	___lwmod@dividend+1,w
  2426     0793  1D03               	skipz
  2427     0794  2F97               	goto	u1305
  2428     0795  0821               	movf	___lwmod@divisor,w
  2429     0796  0223               	subwf	___lwmod@dividend,w
  2430     0797                     u1305:
  2431     0797  1C03               	skipc
  2432     0798  2F9A               	goto	u1301
  2433     0799  2F9B               	goto	u1300
  2434     079A                     u1301:
  2435     079A  2FA1               	goto	l1560
  2436     079B                     u1300:
  2437     079B                     l1558:
  2438     079B  0821               	movf	___lwmod@divisor,w
  2439     079C  02A3               	subwf	___lwmod@dividend,f
  2440     079D  0822               	movf	___lwmod@divisor+1,w
  2441     079E  1C03               	skipc
  2442     079F  03A4               	decf	___lwmod@dividend+1,f
  2443     07A0  02A4               	subwf	___lwmod@dividend+1,f
  2444     07A1                     l1560:
  2445     07A1  3001               	movlw	1
  2446     07A2                     u1315:
  2447     07A2  1003               	clrc
  2448     07A3  0CA2               	rrf	___lwmod@divisor+1,f
  2449     07A4  0CA1               	rrf	___lwmod@divisor,f
  2450     07A5  3EFF               	addlw	-1
  2451     07A6  1D03               	skipz
  2452     07A7  2FA2               	goto	u1315
  2453     07A8                     l1562:
  2454     07A8  3001               	movlw	1
  2455     07A9  02A5               	subwf	___lwmod@counter,f
  2456     07AA  1D03               	btfss	3,2
  2457     07AB  2FAD               	goto	u1321
  2458     07AC  2FAE               	goto	u1320
  2459     07AD                     u1321:
  2460     07AD  2F91               	goto	l1556
  2461     07AE                     u1320:
  2462     07AE                     l1564:
  2463     07AE  0824               	movf	___lwmod@dividend+1,w
  2464     07AF  00A2               	movwf	?___lwmod+1
  2465     07B0  0823               	movf	___lwmod@dividend,w
  2466     07B1  00A1               	movwf	?___lwmod
  2467     07B2                     l654:
  2468     07B2  0008               	return
  2469     07B3                     __end_of___lwmod:
  2470                           
  2471                           	psect	text10
  2472     06B6                     __ptext10:	
  2473 ;; *************** function ___lwdiv *****************
  2474 ;; Defined at:
  2475 ;;		line 5 in file "D:\Program Files\Microchip\xc8\v3.00\pic\sources\c99\common\lwdiv.c"
  2476 ;; Parameters:    Size  Location     Type
  2477 ;;  divisor         2    1[BANK0 ] unsigned int 
  2478 ;;  dividend        2    3[BANK0 ] unsigned int 
  2479 ;; Auto vars:     Size  Location     Type
  2480 ;;  quotient        2    5[BANK0 ] unsigned int 
  2481 ;;  counter         1    7[BANK0 ] unsigned char 
  2482 ;; Return value:  Size  Location     Type
  2483 ;;                  2    1[BANK0 ] unsigned int 
  2484 ;; Registers used:
  2485 ;;		wreg, status,2, status,0
  2486 ;; Tracked objects:
  2487 ;;		On entry : 0/0
  2488 ;;		On exit  : 0/0
  2489 ;;		Unchanged: 0/0
  2490 ;; Data sizes:     COMMON   BANK0   BANK1   BANK2
  2491 ;;      Params:         0       4       0       0
  2492 ;;      Locals:         0       3       0       0
  2493 ;;      Temps:          0       0       0       0
  2494 ;;      Totals:         0       7       0       0
  2495 ;;Total ram usage:        7 bytes
  2496 ;; Hardware stack levels used: 1
  2497 ;; Hardware stack levels required when called: 2
  2498 ;; This function calls:
  2499 ;;		Nothing
  2500 ;; This function is called by:
  2501 ;;		_vfpfcnvrt
  2502 ;; This function uses a non-reentrant model
  2503 ;;
  2504                           
  2505     06B6                     ___lwdiv:	
  2506                           ;psect for function ___lwdiv
  2507                           
  2508     06B6                     l1520:	
  2509                           ;incstack = 0
  2510                           ; Regs used in ___lwdiv: [wreg+status,2+status,0]
  2511                           
  2512     06B6  1283               	bcf	3,5	;RP0=0, select bank0
  2513     06B7  1303               	bcf	3,6	;RP1=0, select bank0
  2514     06B8  01A5               	clrf	___lwdiv@quotient
  2515     06B9  01A6               	clrf	___lwdiv@quotient+1
  2516     06BA                     l1522:
  2517     06BA  0821               	movf	___lwdiv@divisor,w
  2518     06BB  0422               	iorwf	___lwdiv@divisor+1,w
  2519     06BC  1903               	btfsc	3,2
  2520     06BD  2EBF               	goto	u1201
  2521     06BE  2EC0               	goto	u1200
  2522     06BF                     u1201:
  2523     06BF  2EF5               	goto	l1542
  2524     06C0                     u1200:
  2525     06C0                     l1524:
  2526     06C0  3001               	movlw	1
  2527     06C1  00A7               	movwf	___lwdiv@counter
  2528     06C2  2ECC               	goto	l1530
  2529     06C3                     l1526:
  2530     06C3  3001               	movlw	1
  2531     06C4                     u1215:
  2532     06C4  1003               	clrc
  2533     06C5  0DA1               	rlf	___lwdiv@divisor,f
  2534     06C6  0DA2               	rlf	___lwdiv@divisor+1,f
  2535     06C7  3EFF               	addlw	-1
  2536     06C8  1D03               	skipz
  2537     06C9  2EC4               	goto	u1215
  2538     06CA                     l1528:
  2539     06CA  3001               	movlw	1
  2540     06CB  07A7               	addwf	___lwdiv@counter,f
  2541     06CC                     l1530:
  2542     06CC  1FA2               	btfss	___lwdiv@divisor+1,7
  2543     06CD  2ECF               	goto	u1221
  2544     06CE  2ED0               	goto	u1220
  2545     06CF                     u1221:
  2546     06CF  2EC3               	goto	l1526
  2547     06D0                     u1220:
  2548     06D0                     l1532:
  2549     06D0  3001               	movlw	1
  2550     06D1                     u1235:
  2551     06D1  1003               	clrc
  2552     06D2  0DA5               	rlf	___lwdiv@quotient,f
  2553     06D3  0DA6               	rlf	___lwdiv@quotient+1,f
  2554     06D4  3EFF               	addlw	-1
  2555     06D5  1D03               	skipz
  2556     06D6  2ED1               	goto	u1235
  2557     06D7  0822               	movf	___lwdiv@divisor+1,w
  2558     06D8  0224               	subwf	___lwdiv@dividend+1,w
  2559     06D9  1D03               	skipz
  2560     06DA  2EDD               	goto	u1245
  2561     06DB  0821               	movf	___lwdiv@divisor,w
  2562     06DC  0223               	subwf	___lwdiv@dividend,w
  2563     06DD                     u1245:
  2564     06DD  1C03               	skipc
  2565     06DE  2EE0               	goto	u1241
  2566     06DF  2EE1               	goto	u1240
  2567     06E0                     u1241:
  2568     06E0  2EE8               	goto	l1538
  2569     06E1                     u1240:
  2570     06E1                     l1534:
  2571     06E1  0821               	movf	___lwdiv@divisor,w
  2572     06E2  02A3               	subwf	___lwdiv@dividend,f
  2573     06E3  0822               	movf	___lwdiv@divisor+1,w
  2574     06E4  1C03               	skipc
  2575     06E5  03A4               	decf	___lwdiv@dividend+1,f
  2576     06E6  02A4               	subwf	___lwdiv@dividend+1,f
  2577     06E7                     l1536:
  2578     06E7  1425               	bsf	___lwdiv@quotient,0
  2579     06E8                     l1538:
  2580     06E8  3001               	movlw	1
  2581     06E9                     u1255:
  2582     06E9  1003               	clrc
  2583     06EA  0CA2               	rrf	___lwdiv@divisor+1,f
  2584     06EB  0CA1               	rrf	___lwdiv@divisor,f
  2585     06EC  3EFF               	addlw	-1
  2586     06ED  1D03               	skipz
  2587     06EE  2EE9               	goto	u1255
  2588     06EF                     l1540:
  2589     06EF  3001               	movlw	1
  2590     06F0  02A7               	subwf	___lwdiv@counter,f
  2591     06F1  1D03               	btfss	3,2
  2592     06F2  2EF4               	goto	u1261
  2593     06F3  2EF5               	goto	u1260
  2594     06F4                     u1261:
  2595     06F4  2ED0               	goto	l1532
  2596     06F5                     u1260:
  2597     06F5                     l1542:
  2598     06F5  0826               	movf	___lwdiv@quotient+1,w
  2599     06F6  00A2               	movwf	?___lwdiv+1
  2600     06F7  0825               	movf	___lwdiv@quotient,w
  2601     06F8  00A1               	movwf	?___lwdiv
  2602     06F9                     l644:
  2603     06F9  0008               	return
  2604     06FA                     __end_of___lwdiv:
  2605                           
  2606                           	psect	text11
  2607     0FDC                     __ptext11:	
  2608 ;; *************** function _lcd_send_string *****************
  2609 ;; Defined at:
  2610 ;;		line 28 in file "my_lcd.c"
  2611 ;; Parameters:    Size  Location     Type
  2612 ;;  str             2    8[BANK0 ] PTR unsigned char 
  2613 ;;		 -> STR_4(2), lcd_print@buf(3), STR_2(12), STR_1(10), 
  2614 ;; Auto vars:     Size  Location     Type
  2615 ;;		None
  2616 ;; Return value:  Size  Location     Type
  2617 ;;                  1    wreg      void 
  2618 ;; Registers used:
  2619 ;;		wreg, fsr0l, fsr0h, status,2, status,0, btemp+1, pclath, cstack
  2620 ;; Tracked objects:
  2621 ;;		On entry : 0/0
  2622 ;;		On exit  : 0/0
  2623 ;;		Unchanged: 0/0
  2624 ;; Data sizes:     COMMON   BANK0   BANK1   BANK2
  2625 ;;      Params:         0       2       0       0
  2626 ;;      Locals:         0       0       0       0
  2627 ;;      Temps:          0       0       0       0
  2628 ;;      Totals:         0       2       0       0
  2629 ;;Total ram usage:        2 bytes
  2630 ;; Hardware stack levels used: 1
  2631 ;; Hardware stack levels required when called: 4
  2632 ;; This function calls:
  2633 ;;		_lcd_send_byte
  2634 ;; This function is called by:
  2635 ;;		_lcd_print
  2636 ;; This function uses a non-reentrant model
  2637 ;;
  2638                           
  2639     0FDC                     _lcd_send_string:	
  2640                           ;psect for function _lcd_send_string
  2641                           
  2642     0FDC                     l1714:	
  2643                           ;incstack = 0
  2644                           ; Regs used in _lcd_send_string: [wreg-fsr0h+status,2+status,0+btemp+1+pclath+cstack]
  2645                           
  2646                           
  2647                           ;my_lcd.c: 29:     while(*str) lcd_send_byte(*str ++, 1);
  2648     0FDC  2FF1               	goto	l1720
  2649     0FDD                     l1716:
  2650     0FDD  01A5               	clrf	lcd_send_byte@rs
  2651     0FDE  0AA5               	incf	lcd_send_byte@rs,f
  2652     0FDF  0829               	movf	lcd_send_string@str+1,w
  2653     0FE0  00FF               	movwf	btemp+1
  2654     0FE1  0828               	movf	lcd_send_string@str,w
  2655     0FE2  0084               	movwf	4
  2656     0FE3  118A  27B3  158A   	fcall	stringtab
  2657     0FE6  158A  277E  158A   	fcall	_lcd_send_byte
  2658     0FE9                     l1718:
  2659     0FE9  3001               	movlw	1
  2660     0FEA  1283               	bcf	3,5	;RP0=0, select bank0
  2661     0FEB  1303               	bcf	3,6	;RP1=0, select bank0
  2662     0FEC  07A8               	addwf	lcd_send_string@str,f
  2663     0FED  1803               	skipnc
  2664     0FEE  0AA9               	incf	lcd_send_string@str+1,f
  2665     0FEF  3000               	movlw	0
  2666     0FF0  07A9               	addwf	lcd_send_string@str+1,f
  2667     0FF1                     l1720:
  2668     0FF1  1283               	bcf	3,5	;RP0=0, select bank0
  2669     0FF2  1303               	bcf	3,6	;RP1=0, select bank0
  2670     0FF3  0829               	movf	lcd_send_string@str+1,w
  2671     0FF4  00FF               	movwf	btemp+1
  2672     0FF5  0828               	movf	lcd_send_string@str,w
  2673     0FF6  0084               	movwf	4
  2674     0FF7  118A  27B3  158A   	fcall	stringtab
  2675     0FFA  3A00               	xorlw	0
  2676     0FFB  1D03               	skipz
  2677     0FFC  2FFE               	goto	u1621
  2678     0FFD  2FFF               	goto	u1620
  2679     0FFE                     u1621:
  2680     0FFE  2FDD               	goto	l1716
  2681     0FFF                     u1620:
  2682     0FFF                     l118:
  2683     0FFF  0008               	return
  2684     1000                     __end_of_lcd_send_string:
  2685                           
  2686                           	psect	text12
  2687     0FB9                     __ptext12:	
  2688 ;; *************** function _lcd_clear *****************
  2689 ;; Defined at:
  2690 ;;		line 23 in file "my_lcd.c"
  2691 ;; Parameters:    Size  Location     Type
  2692 ;;		None
  2693 ;; Auto vars:     Size  Location     Type
  2694 ;;		None
  2695 ;; Return value:  Size  Location     Type
  2696 ;;                  1    wreg      void 
  2697 ;; Registers used:
  2698 ;;		wreg, status,2, status,0, pclath, cstack
  2699 ;; Tracked objects:
  2700 ;;		On entry : 0/0
  2701 ;;		On exit  : 0/0
  2702 ;;		Unchanged: 0/0
  2703 ;; Data sizes:     COMMON   BANK0   BANK1   BANK2
  2704 ;;      Params:         0       0       0       0
  2705 ;;      Locals:         0       0       0       0
  2706 ;;      Temps:          0       2       0       0
  2707 ;;      Totals:         0       2       0       0
  2708 ;;Total ram usage:        2 bytes
  2709 ;; Hardware stack levels used: 1
  2710 ;; Hardware stack levels required when called: 4
  2711 ;; This function calls:
  2712 ;;		_lcd_send_byte
  2713 ;; This function is called by:
  2714 ;;		_lcd_print
  2715 ;; This function uses a non-reentrant model
  2716 ;;
  2717                           
  2718     0FB9                     _lcd_clear:	
  2719                           ;psect for function _lcd_clear
  2720                           
  2721     0FB9                     l1708:	
  2722                           ;incstack = 0
  2723                           ; Regs used in _lcd_clear: [wreg+status,2+status,0+pclath+cstack]
  2724                           
  2725                           
  2726                           ;my_lcd.c: 24:     lcd_send_byte(0x01, 0); _delay((unsigned long)((4)*(16000000/4000.0))
      +                          );
  2727     0FB9  1283               	bcf	3,5	;RP0=0, select bank0
  2728     0FBA  1303               	bcf	3,6	;RP1=0, select bank0
  2729     0FBB  01A5               	clrf	lcd_send_byte@rs
  2730     0FBC  3001               	movlw	1
  2731     0FBD  158A  277E  158A   	fcall	_lcd_send_byte
  2732     0FC0                     l1710:
  2733     0FC0  3015               	movlw	21
  2734     0FC1  1283               	bcf	3,5	;RP0=0, select bank0
  2735     0FC2  1303               	bcf	3,6	;RP1=0, select bank0
  2736     0FC3  00A9               	movwf	??_lcd_clear+1
  2737     0FC4  30C6               	movlw	198
  2738     0FC5  00A8               	movwf	??_lcd_clear
  2739     0FC6                     u2397:
  2740     0FC6  0BA8               	decfsz	??_lcd_clear,f
  2741     0FC7  2FC6               	goto	u2397
  2742     0FC8  0BA9               	decfsz	??_lcd_clear+1,f
  2743     0FC9  2FC6               	goto	u2397
  2744     0FCA                     l1712:
  2745                           
  2746                           ;my_lcd.c: 25:     lcd_send_byte(0x80, 0); _delay((unsigned long)((1)*(16000000/4000.0))
      +                          );
  2747     0FCA  1283               	bcf	3,5	;RP0=0, select bank0
  2748     0FCB  1303               	bcf	3,6	;RP1=0, select bank0
  2749     0FCC  01A5               	clrf	lcd_send_byte@rs
  2750     0FCD  3080               	movlw	128
  2751     0FCE  158A  277E  158A   	fcall	_lcd_send_byte
  2752     0FD1  3006               	movlw	6
  2753     0FD2  1283               	bcf	3,5	;RP0=0, select bank0
  2754     0FD3  1303               	bcf	3,6	;RP1=0, select bank0
  2755     0FD4  00A9               	movwf	??_lcd_clear+1
  2756     0FD5  3030               	movlw	48
  2757     0FD6  00A8               	movwf	??_lcd_clear
  2758     0FD7                     u2407:
  2759     0FD7  0BA8               	decfsz	??_lcd_clear,f
  2760     0FD8  2FD7               	goto	u2407
  2761     0FD9  0BA9               	decfsz	??_lcd_clear+1,f
  2762     0FDA  2FD7               	goto	u2407
  2763     0FDB                     l112:
  2764     0FDB  0008               	return
  2765     0FDC                     __end_of_lcd_clear:
  2766                           
  2767                           	psect	text13
  2768     0118                     __ptext13:	
  2769 ;; *************** function _lcd_init *****************
  2770 ;; Defined at:
  2771 ;;		line 36 in file "my_lcd.c"
  2772 ;; Parameters:    Size  Location     Type
  2773 ;;		None
  2774 ;; Auto vars:     Size  Location     Type
  2775 ;;		None
  2776 ;; Return value:  Size  Location     Type
  2777 ;;                  1    wreg      void 
  2778 ;; Registers used:
  2779 ;;		wreg, status,2, status,0, pclath, cstack
  2780 ;; Tracked objects:
  2781 ;;		On entry : 0/0
  2782 ;;		On exit  : 0/0
  2783 ;;		Unchanged: 0/0
  2784 ;; Data sizes:     COMMON   BANK0   BANK1   BANK2
  2785 ;;      Params:         0       0       0       0
  2786 ;;      Locals:         0       0       0       0
  2787 ;;      Temps:          0       3       0       0
  2788 ;;      Totals:         0       3       0       0
  2789 ;;Total ram usage:        3 bytes
  2790 ;; Hardware stack levels used: 1
  2791 ;; Hardware stack levels required when called: 4
  2792 ;; This function calls:
  2793 ;;		_lcd_send_byte
  2794 ;;		_lcd_send_half_byte
  2795 ;; This function is called by:
  2796 ;;		_main
  2797 ;; This function uses a non-reentrant model
  2798 ;;
  2799                           
  2800     0118                     _lcd_init:	
  2801                           ;psect for function _lcd_init
  2802                           
  2803     0118                     l1772:	
  2804                           ;incstack = 0
  2805                           ; Regs used in _lcd_init: [wreg+status,2+status,0+pclath+cstack]
  2806                           
  2807                           
  2808                           ;my_lcd.c: 37:     _delay((unsigned long)((150)*(16000000/4000.0)));
  2809     0118  3004               	movlw	4
  2810     0119  1283               	bcf	3,5	;RP0=0, select bank0
  2811     011A  1303               	bcf	3,6	;RP1=0, select bank0
  2812     011B  00AA               	movwf	??_lcd_init+2
  2813     011C  300C               	movlw	12
  2814     011D  00A9               	movwf	??_lcd_init+1
  2815     011E  3033               	movlw	51
  2816     011F  00A8               	movwf	??_lcd_init
  2817     0120                     u2417:
  2818     0120  0BA8               	decfsz	??_lcd_init,f
  2819     0121  2920               	goto	u2417
  2820     0122  0BA9               	decfsz	??_lcd_init+1,f
  2821     0123  2920               	goto	u2417
  2822     0124  0BAA               	decfsz	??_lcd_init+2,f
  2823     0125  2920               	goto	u2417
  2824     0126  0000               	nop
  2825     0127                     l1774:
  2826                           
  2827                           ;my_lcd.c: 38:     lcd_send_half_byte(0x03, 0); _delay((unsigned long)((5)*(16000000/400
      +                          0.0)));
  2828     0127  1283               	bcf	3,5	;RP0=0, select bank0
  2829     0128  1303               	bcf	3,6	;RP1=0, select bank0
  2830     0129  01A1               	clrf	lcd_send_half_byte@rs
  2831     012A  3003               	movlw	3
  2832     012B  118A  2583  118A   	fcall	_lcd_send_half_byte
  2833     012E                     l1776:
  2834     012E  301A               	movlw	26
  2835     012F  1283               	bcf	3,5	;RP0=0, select bank0
  2836     0130  1303               	bcf	3,6	;RP1=0, select bank0
  2837     0131  00A9               	movwf	??_lcd_init+1
  2838     0132  30F8               	movlw	248
  2839     0133  00A8               	movwf	??_lcd_init
  2840     0134                     u2427:
  2841     0134  0BA8               	decfsz	??_lcd_init,f
  2842     0135  2934               	goto	u2427
  2843     0136  0BA9               	decfsz	??_lcd_init+1,f
  2844     0137  2934               	goto	u2427
  2845                           
  2846                           ;my_lcd.c: 39:     lcd_send_half_byte(0x03, 0); _delay((unsigned long)((2)*(16000000/400
      +                          0.0)));
  2847     0138  1283               	bcf	3,5	;RP0=0, select bank0
  2848     0139  1303               	bcf	3,6	;RP1=0, select bank0
  2849     013A  01A1               	clrf	lcd_send_half_byte@rs
  2850     013B  3003               	movlw	3
  2851     013C  118A  2583  118A   	fcall	_lcd_send_half_byte
  2852     013F                     l1778:
  2853     013F  300B               	movlw	11
  2854     0140  1283               	bcf	3,5	;RP0=0, select bank0
  2855     0141  1303               	bcf	3,6	;RP1=0, select bank0
  2856     0142  00A9               	movwf	??_lcd_init+1
  2857     0143  3062               	movlw	98
  2858     0144  00A8               	movwf	??_lcd_init
  2859     0145                     u2437:
  2860     0145  0BA8               	decfsz	??_lcd_init,f
  2861     0146  2945               	goto	u2437
  2862     0147  0BA9               	decfsz	??_lcd_init+1,f
  2863     0148  2945               	goto	u2437
  2864     0149                     l1780:
  2865                           
  2866                           ;my_lcd.c: 40:     lcd_send_half_byte(0x03, 0); _delay((unsigned long)((2)*(16000000/400
      +                          0.0)));
  2867     0149  1283               	bcf	3,5	;RP0=0, select bank0
  2868     014A  1303               	bcf	3,6	;RP1=0, select bank0
  2869     014B  01A1               	clrf	lcd_send_half_byte@rs
  2870     014C  3003               	movlw	3
  2871     014D  118A  2583  118A   	fcall	_lcd_send_half_byte
  2872     0150  300B               	movlw	11
  2873     0151  1283               	bcf	3,5	;RP0=0, select bank0
  2874     0152  1303               	bcf	3,6	;RP1=0, select bank0
  2875     0153  00A9               	movwf	??_lcd_init+1
  2876     0154  3062               	movlw	98
  2877     0155  00A8               	movwf	??_lcd_init
  2878     0156                     u2447:
  2879     0156  0BA8               	decfsz	??_lcd_init,f
  2880     0157  2956               	goto	u2447
  2881     0158  0BA9               	decfsz	??_lcd_init+1,f
  2882     0159  2956               	goto	u2447
  2883     015A                     l1782:
  2884                           
  2885                           ;my_lcd.c: 41:     lcd_send_half_byte(0x02, 0); _delay((unsigned long)((2)*(16000000/400
      +                          0.0)));
  2886     015A  1283               	bcf	3,5	;RP0=0, select bank0
  2887     015B  1303               	bcf	3,6	;RP1=0, select bank0
  2888     015C  01A1               	clrf	lcd_send_half_byte@rs
  2889     015D  3002               	movlw	2
  2890     015E  118A  2583  118A   	fcall	_lcd_send_half_byte
  2891     0161                     l1784:
  2892     0161  300B               	movlw	11
  2893     0162  1283               	bcf	3,5	;RP0=0, select bank0
  2894     0163  1303               	bcf	3,6	;RP1=0, select bank0
  2895     0164  00A9               	movwf	??_lcd_init+1
  2896     0165  3062               	movlw	98
  2897     0166  00A8               	movwf	??_lcd_init
  2898     0167                     u2457:
  2899     0167  0BA8               	decfsz	??_lcd_init,f
  2900     0168  2967               	goto	u2457
  2901     0169  0BA9               	decfsz	??_lcd_init+1,f
  2902     016A  2967               	goto	u2457
  2903                           
  2904                           ;my_lcd.c: 42:     lcd_send_byte(0x28, 0); _delay((unsigned long)((1)*(16000000/4000.0))
      +                          );
  2905     016B  1283               	bcf	3,5	;RP0=0, select bank0
  2906     016C  1303               	bcf	3,6	;RP1=0, select bank0
  2907     016D  01A5               	clrf	lcd_send_byte@rs
  2908     016E  3028               	movlw	40
  2909     016F  158A  277E  118A   	fcall	_lcd_send_byte
  2910     0172                     l1786:
  2911     0172  3006               	movlw	6
  2912     0173  1283               	bcf	3,5	;RP0=0, select bank0
  2913     0174  1303               	bcf	3,6	;RP1=0, select bank0
  2914     0175  00A9               	movwf	??_lcd_init+1
  2915     0176  3030               	movlw	48
  2916     0177  00A8               	movwf	??_lcd_init
  2917     0178                     u2467:
  2918     0178  0BA8               	decfsz	??_lcd_init,f
  2919     0179  2978               	goto	u2467
  2920     017A  0BA9               	decfsz	??_lcd_init+1,f
  2921     017B  2978               	goto	u2467
  2922     017C                     l1788:
  2923                           
  2924                           ;my_lcd.c: 43:     lcd_send_byte(0x08, 0); _delay((unsigned long)((1)*(16000000/4000.0))
      +                          );
  2925     017C  1283               	bcf	3,5	;RP0=0, select bank0
  2926     017D  1303               	bcf	3,6	;RP1=0, select bank0
  2927     017E  01A5               	clrf	lcd_send_byte@rs
  2928     017F  3008               	movlw	8
  2929     0180  158A  277E  118A   	fcall	_lcd_send_byte
  2930     0183  3006               	movlw	6
  2931     0184  1283               	bcf	3,5	;RP0=0, select bank0
  2932     0185  1303               	bcf	3,6	;RP1=0, select bank0
  2933     0186  00A9               	movwf	??_lcd_init+1
  2934     0187  3030               	movlw	48
  2935     0188  00A8               	movwf	??_lcd_init
  2936     0189                     u2477:
  2937     0189  0BA8               	decfsz	??_lcd_init,f
  2938     018A  2989               	goto	u2477
  2939     018B  0BA9               	decfsz	??_lcd_init+1,f
  2940     018C  2989               	goto	u2477
  2941     018D                     l1790:
  2942                           
  2943                           ;my_lcd.c: 44:     lcd_send_byte(0x01, 0); _delay((unsigned long)((4)*(16000000/4000.0))
      +                          );
  2944     018D  1283               	bcf	3,5	;RP0=0, select bank0
  2945     018E  1303               	bcf	3,6	;RP1=0, select bank0
  2946     018F  01A5               	clrf	lcd_send_byte@rs
  2947     0190  3001               	movlw	1
  2948     0191  158A  277E  118A   	fcall	_lcd_send_byte
  2949     0194                     l1792:
  2950     0194  3015               	movlw	21
  2951     0195  1283               	bcf	3,5	;RP0=0, select bank0
  2952     0196  1303               	bcf	3,6	;RP1=0, select bank0
  2953     0197  00A9               	movwf	??_lcd_init+1
  2954     0198  30C6               	movlw	198
  2955     0199  00A8               	movwf	??_lcd_init
  2956     019A                     u2487:
  2957     019A  0BA8               	decfsz	??_lcd_init,f
  2958     019B  299A               	goto	u2487
  2959     019C  0BA9               	decfsz	??_lcd_init+1,f
  2960     019D  299A               	goto	u2487
  2961                           
  2962                           ;my_lcd.c: 45:     lcd_send_byte(0x06, 0); _delay((unsigned long)((1)*(16000000/4000.0))
      +                          );
  2963     019E  1283               	bcf	3,5	;RP0=0, select bank0
  2964     019F  1303               	bcf	3,6	;RP1=0, select bank0
  2965     01A0  01A5               	clrf	lcd_send_byte@rs
  2966     01A1  3006               	movlw	6
  2967     01A2  158A  277E  118A   	fcall	_lcd_send_byte
  2968     01A5                     l1794:
  2969     01A5  3006               	movlw	6
  2970     01A6  1283               	bcf	3,5	;RP0=0, select bank0
  2971     01A7  1303               	bcf	3,6	;RP1=0, select bank0
  2972     01A8  00A9               	movwf	??_lcd_init+1
  2973     01A9  3030               	movlw	48
  2974     01AA  00A8               	movwf	??_lcd_init
  2975     01AB                     u2497:
  2976     01AB  0BA8               	decfsz	??_lcd_init,f
  2977     01AC  29AB               	goto	u2497
  2978     01AD  0BA9               	decfsz	??_lcd_init+1,f
  2979     01AE  29AB               	goto	u2497
  2980     01AF                     l1796:
  2981                           
  2982                           ;my_lcd.c: 46:     lcd_send_byte(0x0c, 0); _delay((unsigned long)((1)*(16000000/4000.0))
      +                          );
  2983     01AF  1283               	bcf	3,5	;RP0=0, select bank0
  2984     01B0  1303               	bcf	3,6	;RP1=0, select bank0
  2985     01B1  01A5               	clrf	lcd_send_byte@rs
  2986     01B2  300C               	movlw	12
  2987     01B3  158A  277E  118A   	fcall	_lcd_send_byte
  2988     01B6  3006               	movlw	6
  2989     01B7  1283               	bcf	3,5	;RP0=0, select bank0
  2990     01B8  1303               	bcf	3,6	;RP1=0, select bank0
  2991     01B9  00A9               	movwf	??_lcd_init+1
  2992     01BA  3030               	movlw	48
  2993     01BB  00A8               	movwf	??_lcd_init
  2994     01BC                     u2507:
  2995     01BC  0BA8               	decfsz	??_lcd_init,f
  2996     01BD  29BC               	goto	u2507
  2997     01BE  0BA9               	decfsz	??_lcd_init+1,f
  2998     01BF  29BC               	goto	u2507
  2999     01C0                     l1798:
  3000                           
  3001                           ;my_lcd.c: 47:     lcd_send_byte(0x80, 0); _delay((unsigned long)((1)*(16000000/4000.0))
      +                          );
  3002     01C0  1283               	bcf	3,5	;RP0=0, select bank0
  3003     01C1  1303               	bcf	3,6	;RP1=0, select bank0
  3004     01C2  01A5               	clrf	lcd_send_byte@rs
  3005     01C3  3080               	movlw	128
  3006     01C4  158A  277E  118A   	fcall	_lcd_send_byte
  3007     01C7                     l1800:
  3008     01C7  3006               	movlw	6
  3009     01C8  1283               	bcf	3,5	;RP0=0, select bank0
  3010     01C9  1303               	bcf	3,6	;RP1=0, select bank0
  3011     01CA  00A9               	movwf	??_lcd_init+1
  3012     01CB  3030               	movlw	48
  3013     01CC  00A8               	movwf	??_lcd_init
  3014     01CD                     u2517:
  3015     01CD  0BA8               	decfsz	??_lcd_init,f
  3016     01CE  29CD               	goto	u2517
  3017     01CF  0BA9               	decfsz	??_lcd_init+1,f
  3018     01D0  29CD               	goto	u2517
  3019     01D1                     l121:
  3020     01D1  0008               	return
  3021     01D2                     __end_of_lcd_init:
  3022                           
  3023                           	psect	text14
  3024     0F7E                     __ptext14:	
  3025 ;; *************** function _lcd_send_byte *****************
  3026 ;; Defined at:
  3027 ;;		line 18 in file "my_lcd.c"
  3028 ;; Parameters:    Size  Location     Type
  3029 ;;  data            1    wreg     unsigned char 
  3030 ;;  rs              1    5[BANK0 ] unsigned char 
  3031 ;; Auto vars:     Size  Location     Type
  3032 ;;  data            1    7[BANK0 ] unsigned char 
  3033 ;; Return value:  Size  Location     Type
  3034 ;;                  1    wreg      void 
  3035 ;; Registers used:
  3036 ;;		wreg, status,2, status,0, pclath, cstack
  3037 ;; Tracked objects:
  3038 ;;		On entry : 0/0
  3039 ;;		On exit  : 0/0
  3040 ;;		Unchanged: 0/0
  3041 ;; Data sizes:     COMMON   BANK0   BANK1   BANK2
  3042 ;;      Params:         0       1       0       0
  3043 ;;      Locals:         0       1       0       0
  3044 ;;      Temps:          0       1       0       0
  3045 ;;      Totals:         0       3       0       0
  3046 ;;Total ram usage:        3 bytes
  3047 ;; Hardware stack levels used: 1
  3048 ;; Hardware stack levels required when called: 3
  3049 ;; This function calls:
  3050 ;;		_lcd_send_half_byte
  3051 ;; This function is called by:
  3052 ;;		_lcd_clear
  3053 ;;		_lcd_send_string
  3054 ;;		_lcd_init
  3055 ;; This function uses a non-reentrant model
  3056 ;;
  3057                           
  3058     0F7E                     _lcd_send_byte:	
  3059                           ;psect for function _lcd_send_byte
  3060                           
  3061                           
  3062                           ;incstack = 0
  3063                           ; Regs used in _lcd_send_byte: [wreg+status,2+status,0+pclath+cstack]
  3064                           ;lcd_send_byte@data stored from wreg
  3065     0F7E  1283               	bcf	3,5	;RP0=0, select bank0
  3066     0F7F  1303               	bcf	3,6	;RP1=0, select bank0
  3067     0F80  00A7               	movwf	lcd_send_byte@data
  3068     0F81                     l1644:
  3069                           
  3070                           ;my_lcd.c: 19:     lcd_send_half_byte((data >> 4) & 0x0f, rs);
  3071     0F81  0825               	movf	lcd_send_byte@rs,w
  3072     0F82  00A1               	movwf	lcd_send_half_byte@rs
  3073     0F83  0827               	movf	lcd_send_byte@data,w
  3074     0F84  00A6               	movwf	??_lcd_send_byte
  3075     0F85  3004               	movlw	4
  3076     0F86                     u1455:
  3077     0F86  1003               	clrc
  3078     0F87  0CA6               	rrf	??_lcd_send_byte,f
  3079     0F88  3EFF               	addlw	-1
  3080     0F89  1D03               	skipz
  3081     0F8A  2F86               	goto	u1455
  3082     0F8B  0826               	movf	??_lcd_send_byte,w
  3083     0F8C  390F               	andlw	15
  3084     0F8D  118A  2583  158A   	fcall	_lcd_send_half_byte
  3085                           
  3086                           ;my_lcd.c: 20:     lcd_send_half_byte(data & 0x0f, rs);
  3087     0F90  1283               	bcf	3,5	;RP0=0, select bank0
  3088     0F91  1303               	bcf	3,6	;RP1=0, select bank0
  3089     0F92  0825               	movf	lcd_send_byte@rs,w
  3090     0F93  00A1               	movwf	lcd_send_half_byte@rs
  3091     0F94  0827               	movf	lcd_send_byte@data,w
  3092     0F95  390F               	andlw	15
  3093     0F96  118A  2583  158A   	fcall	_lcd_send_half_byte
  3094     0F99                     l109:
  3095     0F99  0008               	return
  3096     0F9A                     __end_of_lcd_send_byte:
  3097                           
  3098                           	psect	text15
  3099     0583                     __ptext15:	
  3100 ;; *************** function _lcd_send_half_byte *****************
  3101 ;; Defined at:
  3102 ;;		line 5 in file "my_lcd.c"
  3103 ;; Parameters:    Size  Location     Type
  3104 ;;  data            1    wreg     unsigned char 
  3105 ;;  rs              1    1[BANK0 ] unsigned char 
  3106 ;; Auto vars:     Size  Location     Type
  3107 ;;  data            1    4[BANK0 ] unsigned char 
  3108 ;; Return value:  Size  Location     Type
  3109 ;;                  1    wreg      void 
  3110 ;; Registers used:
  3111 ;;		wreg, status,2, status,0
  3112 ;; Tracked objects:
  3113 ;;		On entry : 0/0
  3114 ;;		On exit  : 0/0
  3115 ;;		Unchanged: 0/0
  3116 ;; Data sizes:     COMMON   BANK0   BANK1   BANK2
  3117 ;;      Params:         0       1       0       0
  3118 ;;      Locals:         0       1       0       0
  3119 ;;      Temps:          0       2       0       0
  3120 ;;      Totals:         0       4       0       0
  3121 ;;Total ram usage:        4 bytes
  3122 ;; Hardware stack levels used: 1
  3123 ;; Hardware stack levels required when called: 2
  3124 ;; This function calls:
  3125 ;;		Nothing
  3126 ;; This function is called by:
  3127 ;;		_lcd_send_byte
  3128 ;;		_lcd_init
  3129 ;; This function uses a non-reentrant model
  3130 ;;
  3131                           
  3132     0583                     _lcd_send_half_byte:	
  3133                           ;psect for function _lcd_send_half_byte
  3134                           
  3135                           
  3136                           ;incstack = 0
  3137                           ; Regs used in _lcd_send_half_byte: [wreg+status,2+status,0]
  3138                           ;lcd_send_half_byte@data stored from wreg
  3139     0583  1283               	bcf	3,5	;RP0=0, select bank0
  3140     0584  1303               	bcf	3,6	;RP1=0, select bank0
  3141     0585  00A4               	movwf	lcd_send_half_byte@data
  3142     0586                     l1582:
  3143                           
  3144                           ;my_lcd.c: 6:     PORTBbits.RB0 = rs;
  3145     0586  0C21               	rrf	lcd_send_half_byte@rs,w
  3146     0587  1C03               	skipc
  3147     0588  1006               	bcf	6,0	;volatile
  3148     0589  1803               	skipnc
  3149     058A  1406               	bsf	6,0	;volatile
  3150     058B                     l1584:
  3151                           
  3152                           ;my_lcd.c: 7:     PORTBbits.RB2 = (data >> 0) & 0x01;
  3153     058B  0824               	movf	lcd_send_half_byte@data,w
  3154     058C  3901               	andlw	1
  3155     058D  00A2               	movwf	??_lcd_send_half_byte
  3156     058E  0DA2               	rlf	??_lcd_send_half_byte,f
  3157     058F  0DA2               	rlf	??_lcd_send_half_byte,f
  3158     0590  0806               	movf	6,w	;volatile
  3159     0591  0622               	xorwf	??_lcd_send_half_byte,w
  3160     0592  39FB               	andlw	-5
  3161     0593  0622               	xorwf	??_lcd_send_half_byte,w
  3162     0594  0086               	movwf	6	;volatile
  3163     0595                     l1586:
  3164                           
  3165                           ;my_lcd.c: 8:     PORTBbits.RB3 = (data >> 1) & 0x01;
  3166     0595  0824               	movf	lcd_send_half_byte@data,w
  3167     0596  00A2               	movwf	??_lcd_send_half_byte
  3168     0597  1003               	clrc
  3169     0598  0C22               	rrf	??_lcd_send_half_byte,w
  3170     0599  3901               	andlw	1
  3171     059A  00A3               	movwf	??_lcd_send_half_byte+1
  3172     059B  0DA3               	rlf	??_lcd_send_half_byte+1,f
  3173     059C  0DA3               	rlf	??_lcd_send_half_byte+1,f
  3174     059D  0DA3               	rlf	??_lcd_send_half_byte+1,f
  3175     059E  0806               	movf	6,w	;volatile
  3176     059F  0623               	xorwf	??_lcd_send_half_byte+1,w
  3177     05A0  39F7               	andlw	-9
  3178     05A1  0623               	xorwf	??_lcd_send_half_byte+1,w
  3179     05A2  0086               	movwf	6	;volatile
  3180     05A3                     l1588:
  3181                           
  3182                           ;my_lcd.c: 9:     PORTBbits.RB4 = (data >> 2) & 0x01;
  3183     05A3  0824               	movf	lcd_send_half_byte@data,w
  3184     05A4  00A2               	movwf	??_lcd_send_half_byte
  3185     05A5  3002               	movlw	2
  3186     05A6                     u1385:
  3187     05A6  1003               	clrc
  3188     05A7  0CA2               	rrf	??_lcd_send_half_byte,f
  3189     05A8  3EFF               	addlw	-1
  3190     05A9  1D03               	skipz
  3191     05AA  2DA6               	goto	u1385
  3192     05AB  0822               	movf	??_lcd_send_half_byte,w
  3193     05AC  3901               	andlw	1
  3194     05AD  00A3               	movwf	??_lcd_send_half_byte+1
  3195     05AE  0EA3               	swapf	??_lcd_send_half_byte+1,f
  3196     05AF  0806               	movf	6,w	;volatile
  3197     05B0  0623               	xorwf	??_lcd_send_half_byte+1,w
  3198     05B1  39EF               	andlw	-17
  3199     05B2  0623               	xorwf	??_lcd_send_half_byte+1,w
  3200     05B3  0086               	movwf	6	;volatile
  3201     05B4                     l1590:
  3202                           
  3203                           ;my_lcd.c: 10:     PORTBbits.RB5 = (data >> 3) & 0x01;
  3204     05B4  0824               	movf	lcd_send_half_byte@data,w
  3205     05B5  00A2               	movwf	??_lcd_send_half_byte
  3206     05B6  3003               	movlw	3
  3207     05B7                     u1395:
  3208     05B7  1003               	clrc
  3209     05B8  0CA2               	rrf	??_lcd_send_half_byte,f
  3210     05B9  3EFF               	addlw	-1
  3211     05BA  1D03               	skipz
  3212     05BB  2DB7               	goto	u1395
  3213     05BC  0822               	movf	??_lcd_send_half_byte,w
  3214     05BD  3901               	andlw	1
  3215     05BE  00A3               	movwf	??_lcd_send_half_byte+1
  3216     05BF  0EA3               	swapf	??_lcd_send_half_byte+1,f
  3217     05C0  0DA3               	rlf	??_lcd_send_half_byte+1,f
  3218     05C1  0806               	movf	6,w	;volatile
  3219     05C2  0623               	xorwf	??_lcd_send_half_byte+1,w
  3220     05C3  39DF               	andlw	-33
  3221     05C4  0623               	xorwf	??_lcd_send_half_byte+1,w
  3222     05C5  0086               	movwf	6	;volatile
  3223     05C6                     l1592:
  3224                           
  3225                           ;my_lcd.c: 12:     PORTBbits.RB1 = 1;
  3226     05C6  1486               	bsf	6,1	;volatile
  3227     05C7                     l1594:
  3228                           
  3229                           ;my_lcd.c: 13:     _delay((unsigned long)((1)*(16000000/4000.0)));
  3230     05C7  3006               	movlw	6
  3231     05C8  1283               	bcf	3,5	;RP0=0, select bank0
  3232     05C9  1303               	bcf	3,6	;RP1=0, select bank0
  3233     05CA  00A3               	movwf	??_lcd_send_half_byte+1
  3234     05CB  3030               	movlw	48
  3235     05CC  00A2               	movwf	??_lcd_send_half_byte
  3236     05CD                     u2527:
  3237     05CD  0BA2               	decfsz	??_lcd_send_half_byte,f
  3238     05CE  2DCD               	goto	u2527
  3239     05CF  0BA3               	decfsz	??_lcd_send_half_byte+1,f
  3240     05D0  2DCD               	goto	u2527
  3241     05D1                     l1596:
  3242                           
  3243                           ;my_lcd.c: 14:     PORTBbits.RB1 = 0;
  3244     05D1  1283               	bcf	3,5	;RP0=0, select bank0
  3245     05D2  1303               	bcf	3,6	;RP1=0, select bank0
  3246     05D3  1086               	bcf	6,1	;volatile
  3247     05D4                     l1598:
  3248                           
  3249                           ;my_lcd.c: 15:     _delay((unsigned long)((1)*(16000000/4000.0)));
  3250     05D4  3006               	movlw	6
  3251     05D5  1283               	bcf	3,5	;RP0=0, select bank0
  3252     05D6  1303               	bcf	3,6	;RP1=0, select bank0
  3253     05D7  00A3               	movwf	??_lcd_send_half_byte+1
  3254     05D8  3030               	movlw	48
  3255     05D9  00A2               	movwf	??_lcd_send_half_byte
  3256     05DA                     u2537:
  3257     05DA  0BA2               	decfsz	??_lcd_send_half_byte,f
  3258     05DB  2DDA               	goto	u2537
  3259     05DC  0BA3               	decfsz	??_lcd_send_half_byte+1,f
  3260     05DD  2DDA               	goto	u2537
  3261     05DE                     l106:
  3262     05DE  0008               	return
  3263     05DF                     __end_of_lcd_send_half_byte:
  3264                           
  3265                           	psect	text16
  3266     003D                     __ptext16:	
  3267 ;; *************** function _ignition_system *****************
  3268 ;; Defined at:
  3269 ;;		line 41 in file "main.c"
  3270 ;; Parameters:    Size  Location     Type
  3271 ;;		None
  3272 ;; Auto vars:     Size  Location     Type
  3273 ;;  i               1   46[BANK0 ] unsigned char 
  3274 ;;  tmr             2   47[BANK0 ] unsigned short 
  3275 ;; Return value:  Size  Location     Type
  3276 ;;                  1    wreg      void 
  3277 ;; Registers used:
  3278 ;;		wreg, status,2, status,0, pclath, cstack
  3279 ;; Tracked objects:
  3280 ;;		On entry : 0/0
  3281 ;;		On exit  : 0/0
  3282 ;;		Unchanged: 0/0
  3283 ;; Data sizes:     COMMON   BANK0   BANK1   BANK2
  3284 ;;      Params:         0       0       0       0
  3285 ;;      Locals:         0       3       0       0
  3286 ;;      Temps:          0       3       0       0
  3287 ;;      Totals:         0       6       0       0
  3288 ;;Total ram usage:        6 bytes
  3289 ;; Hardware stack levels used: 1
  3290 ;; Hardware stack levels required when called: 4
  3291 ;; This function calls:
  3292 ;;		_adc_100
  3293 ;; This function is called by:
  3294 ;;		_main
  3295 ;; This function uses a non-reentrant model
  3296 ;;
  3297                           
  3298     003D                     _ignition_system:	
  3299                           ;psect for function _ignition_system
  3300                           
  3301     003D                     l1872:	
  3302                           ;incstack = 0
  3303                           ; Regs used in _ignition_system: [wreg+status,2+status,0+pclath+cstack]
  3304                           
  3305     003D                     l1874:
  3306                           
  3307                           ;main.c: 45:     if(GLOBAL_TEMPERATURE < adc_100(1) - 5) {
  3308     003D  3001               	movlw	1
  3309     003E  118A  273E  118A   	fcall	_adc_100
  3310     0041  3EFB               	addlw	251
  3311     0042  1283               	bcf	3,5	;RP0=0, select bank0
  3312     0043  1303               	bcf	3,6	;RP1=0, select bank0
  3313     0044  00CB               	movwf	??_ignition_system
  3314     0045  30FF               	movlw	255
  3315     0046  1803               	skipnc
  3316     0047  3000               	movlw	0
  3317     0048  00CC               	movwf	??_ignition_system+1
  3318     0049  084C               	movf	??_ignition_system+1,w
  3319     004A  3A80               	xorlw	128
  3320     004B  3C80               	sublw	128
  3321     004C  1D03               	skipz
  3322     004D  2850               	goto	u1755
  3323     004E  084B               	movf	??_ignition_system,w
  3324     004F  0264               	subwf	_GLOBAL_TEMPERATURE,w
  3325     0050                     u1755:
  3326     0050  1803               	skipnc
  3327     0051  2853               	goto	u1751
  3328     0052  2854               	goto	u1750
  3329     0053                     u1751:
  3330     0053  2858               	goto	l1878
  3331     0054                     u1750:
  3332     0054                     l1876:
  3333                           
  3334                           ;main.c: 46:         PORTCbits.RC5 = 0;
  3335     0054  1283               	bcf	3,5	;RP0=0, select bank0
  3336     0055  1303               	bcf	3,6	;RP1=0, select bank0
  3337     0056  1287               	bcf	7,5	;volatile
  3338                           
  3339                           ;main.c: 47:     }
  3340     0057  2917               	goto	l79
  3341     0058                     l1878:
  3342     0058  3001               	movlw	1
  3343     0059  118A  273E  118A   	fcall	_adc_100
  3344     005C  3E05               	addlw	5
  3345     005D  1283               	bcf	3,5	;RP0=0, select bank0
  3346     005E  1303               	bcf	3,6	;RP1=0, select bank0
  3347     005F  00CB               	movwf	??_ignition_system
  3348     0060  3000               	movlw	0
  3349     0061  1803               	skipnc
  3350     0062  3001               	movlw	1
  3351     0063  00CC               	movwf	??_ignition_system+1
  3352     0064  084C               	movf	??_ignition_system+1,w
  3353     0065  3A80               	xorlw	128
  3354     0066  00CD               	movwf	??_ignition_system+2
  3355     0067  3080               	movlw	128
  3356     0068  024D               	subwf	??_ignition_system+2,w
  3357     0069  1D03               	skipz
  3358     006A  286D               	goto	u1765
  3359     006B  0864               	movf	_GLOBAL_TEMPERATURE,w
  3360     006C  024B               	subwf	??_ignition_system,w
  3361     006D                     u1765:
  3362     006D  1803               	skipnc
  3363     006E  2870               	goto	u1761
  3364     006F  2871               	goto	u1760
  3365     0070                     u1761:
  3366     0070  2914               	goto	l71
  3367     0071                     u1760:
  3368     0071                     l1880:
  3369                           
  3370                           ;main.c: 52:         PORTCbits.RC5 = 0;
  3371     0071  1283               	bcf	3,5	;RP0=0, select bank0
  3372     0072  1303               	bcf	3,6	;RP1=0, select bank0
  3373     0073  1287               	bcf	7,5	;volatile
  3374     0074                     l1882:
  3375                           
  3376                           ;main.c: 54:         for(uint8_t i = 0; i < 3; i ++){
  3377     0074  01CE               	clrf	ignition_system@i
  3378     0075                     l1888:
  3379                           
  3380                           ;main.c: 57:             tmr = 0;
  3381     0075  01CF               	clrf	ignition_system@tmr
  3382     0076  01D0               	clrf	ignition_system@tmr+1
  3383     0077                     l1890:
  3384                           
  3385                           ;main.c: 58:             PORTAbits.RA4 = 1;
  3386     0077  1605               	bsf	5,4	;volatile
  3387                           
  3388                           ;main.c: 59:             while(tmr < 100) {
  3389     0078  2898               	goto	l74
  3390     0079                     l1892:
  3391                           
  3392                           ;main.c: 60:                 if(adc_100(2) > 50) {
  3393     0079  3002               	movlw	2
  3394     007A  118A  273E  118A   	fcall	_adc_100
  3395     007D  1283               	bcf	3,5	;RP0=0, select bank0
  3396     007E  1303               	bcf	3,6	;RP1=0, select bank0
  3397     007F  00CB               	movwf	??_ignition_system
  3398     0080  3033               	movlw	51
  3399     0081  024B               	subwf	??_ignition_system,w
  3400     0082  1C03               	skipc
  3401     0083  2885               	goto	u1771
  3402     0084  2886               	goto	u1770
  3403     0085                     u1771:
  3404     0085  2887               	goto	l1896
  3405     0086                     u1770:
  3406     0086  28A3               	goto	l1898
  3407     0087                     l1896:
  3408                           
  3409                           ;main.c: 63:                 tmr += 10;
  3410     0087  300A               	movlw	10
  3411     0088  07CF               	addwf	ignition_system@tmr,f
  3412     0089  1803               	skipnc
  3413     008A  0AD0               	incf	ignition_system@tmr+1,f
  3414     008B  3000               	movlw	0
  3415     008C  07D0               	addwf	ignition_system@tmr+1,f
  3416                           
  3417                           ;main.c: 64:                 _delay((unsigned long)((10)*(16000000/4000.0)));
  3418     008D  3034               	movlw	52
  3419     008E  1283               	bcf	3,5	;RP0=0, select bank0
  3420     008F  1303               	bcf	3,6	;RP1=0, select bank0
  3421     0090  00CC               	movwf	??_ignition_system+1
  3422     0091  30F1               	movlw	241
  3423     0092  00CB               	movwf	??_ignition_system
  3424     0093                     u2547:
  3425     0093  0BCB               	decfsz	??_ignition_system,f
  3426     0094  2893               	goto	u2547
  3427     0095  0BCC               	decfsz	??_ignition_system+1,f
  3428     0096  2893               	goto	u2547
  3429     0097  0000               	nop
  3430     0098                     l74:	
  3431                           ;main.c: 65:             }
  3432                           
  3433                           
  3434                           ;main.c: 59:             while(tmr < 100) {
  3435     0098  3000               	movlw	0
  3436     0099  1283               	bcf	3,5	;RP0=0, select bank0
  3437     009A  1303               	bcf	3,6	;RP1=0, select bank0
  3438     009B  0250               	subwf	ignition_system@tmr+1,w
  3439     009C  3064               	movlw	100
  3440     009D  1903               	skipnz
  3441     009E  024F               	subwf	ignition_system@tmr,w
  3442     009F  1C03               	skipc
  3443     00A0  28A2               	goto	u1781
  3444     00A1  28A3               	goto	u1780
  3445     00A2                     u1781:
  3446     00A2  2879               	goto	l1892
  3447     00A3                     u1780:
  3448     00A3                     l1898:
  3449                           
  3450                           ;main.c: 68:             if(tmr >= 100){
  3451     00A3  3000               	movlw	0
  3452     00A4  0250               	subwf	ignition_system@tmr+1,w
  3453     00A5  3064               	movlw	100
  3454     00A6  1903               	skipnz
  3455     00A7  024F               	subwf	ignition_system@tmr,w
  3456     00A8  1C03               	skipc
  3457     00A9  28AB               	goto	u1791
  3458     00AA  28AC               	goto	u1790
  3459     00AB                     u1791:
  3460     00AB  28B2               	goto	l78
  3461     00AC                     u1790:
  3462     00AC                     l1900:
  3463                           
  3464                           ;main.c: 69:                 PORTAbits.RA4 = 0;
  3465     00AC  1205               	bcf	5,4	;volatile
  3466                           
  3467                           ;main.c: 70:                 IGN_ERROR = 1;
  3468     00AD  3001               	movlw	1
  3469     00AE  00E1               	movwf	_IGN_ERROR
  3470                           
  3471                           ;main.c: 71:                 LOCK_MODE = 1;
  3472     00AF  3001               	movlw	1
  3473     00B0  00E3               	movwf	_LOCK_MODE
  3474                           
  3475                           ;main.c: 72:                 return;
  3476     00B1  2917               	goto	l79
  3477     00B2                     l78:	
  3478                           ;main.c: 73:             }
  3479                           
  3480                           
  3481                           ;main.c: 76:             PORTCbits.RC6 = 1;
  3482     00B2  1707               	bsf	7,6	;volatile
  3483     00B3                     l1902:
  3484                           
  3485                           ;main.c: 79:             tmr = 0;
  3486     00B3  01CF               	clrf	ignition_system@tmr
  3487     00B4  01D0               	clrf	ignition_system@tmr+1
  3488     00B5                     l1904:
  3489                           
  3490                           ;main.c: 80:             PORTAbits.RA5 = 1;
  3491     00B5  1685               	bsf	5,5	;volatile
  3492                           
  3493                           ;main.c: 81:             while(tmr < 300) {
  3494     00B6  28D6               	goto	l80
  3495     00B7                     l1906:
  3496                           
  3497                           ;main.c: 82:                 if(adc_100(0) > 50) {
  3498     00B7  3000               	movlw	0
  3499     00B8  118A  273E  118A   	fcall	_adc_100
  3500     00BB  1283               	bcf	3,5	;RP0=0, select bank0
  3501     00BC  1303               	bcf	3,6	;RP1=0, select bank0
  3502     00BD  00CB               	movwf	??_ignition_system
  3503     00BE  3033               	movlw	51
  3504     00BF  024B               	subwf	??_ignition_system,w
  3505     00C0  1C03               	skipc
  3506     00C1  28C3               	goto	u1801
  3507     00C2  28C4               	goto	u1800
  3508     00C3                     u1801:
  3509     00C3  28C5               	goto	l1910
  3510     00C4                     u1800:
  3511     00C4  28E1               	goto	l83
  3512     00C5                     l1910:
  3513                           
  3514                           ;main.c: 85:                 tmr += 10;
  3515     00C5  300A               	movlw	10
  3516     00C6  07CF               	addwf	ignition_system@tmr,f
  3517     00C7  1803               	skipnc
  3518     00C8  0AD0               	incf	ignition_system@tmr+1,f
  3519     00C9  3000               	movlw	0
  3520     00CA  07D0               	addwf	ignition_system@tmr+1,f
  3521                           
  3522                           ;main.c: 86:                 _delay((unsigned long)((10)*(16000000/4000.0)));
  3523     00CB  3034               	movlw	52
  3524     00CC  1283               	bcf	3,5	;RP0=0, select bank0
  3525     00CD  1303               	bcf	3,6	;RP1=0, select bank0
  3526     00CE  00CC               	movwf	??_ignition_system+1
  3527     00CF  30F1               	movlw	241
  3528     00D0  00CB               	movwf	??_ignition_system
  3529     00D1                     u2557:
  3530     00D1  0BCB               	decfsz	??_ignition_system,f
  3531     00D2  28D1               	goto	u2557
  3532     00D3  0BCC               	decfsz	??_ignition_system+1,f
  3533     00D4  28D1               	goto	u2557
  3534     00D5  0000               	nop
  3535     00D6                     l80:	
  3536                           ;main.c: 87:             }
  3537                           
  3538                           
  3539                           ;main.c: 81:             while(tmr < 300) {
  3540     00D6  3001               	movlw	1
  3541     00D7  1283               	bcf	3,5	;RP0=0, select bank0
  3542     00D8  1303               	bcf	3,6	;RP1=0, select bank0
  3543     00D9  0250               	subwf	ignition_system@tmr+1,w
  3544     00DA  302C               	movlw	44
  3545     00DB  1903               	skipnz
  3546     00DC  024F               	subwf	ignition_system@tmr,w
  3547     00DD  1C03               	skipc
  3548     00DE  28E0               	goto	u1811
  3549     00DF  28E1               	goto	u1810
  3550     00E0                     u1811:
  3551     00E0  28B7               	goto	l1906
  3552     00E1                     u1810:
  3553     00E1                     l83:
  3554                           
  3555                           ;main.c: 90:             PORTAbits.RA4 = 0;
  3556     00E1  1205               	bcf	5,4	;volatile
  3557                           
  3558                           ;main.c: 91:             PORTCbits.RC6 = 0;
  3559     00E2  1307               	bcf	7,6	;volatile
  3560                           
  3561                           ;main.c: 92:             PORTAbits.RA5 = 0;
  3562     00E3  1285               	bcf	5,5	;volatile
  3563     00E4                     l1912:
  3564                           
  3565                           ;main.c: 95:             if(tmr >= 300) {
  3566     00E4  3001               	movlw	1
  3567     00E5  0250               	subwf	ignition_system@tmr+1,w
  3568     00E6  302C               	movlw	44
  3569     00E7  1903               	skipnz
  3570     00E8  024F               	subwf	ignition_system@tmr,w
  3571     00E9  1C03               	skipc
  3572     00EA  28EC               	goto	u1821
  3573     00EB  28ED               	goto	u1820
  3574     00EC                     u1821:
  3575     00EC  2907               	goto	l1922
  3576     00ED                     u1820:
  3577     00ED                     l1914:
  3578                           
  3579                           ;main.c: 96:                 FLA_ERROR = 1;
  3580     00ED  3001               	movlw	1
  3581     00EE  00E0               	movwf	_FLA_ERROR
  3582     00EF                     l1916:
  3583                           
  3584                           ;main.c: 97:                 if(i == 2) {
  3585     00EF  3002               	movlw	2
  3586     00F0  064E               	xorwf	ignition_system@i,w
  3587     00F1  1D03               	btfss	3,2
  3588     00F2  28F4               	goto	u1831
  3589     00F3  28F5               	goto	u1830
  3590     00F4                     u1831:
  3591     00F4  28F8               	goto	l1920
  3592     00F5                     u1830:
  3593     00F5                     l1918:
  3594                           
  3595                           ;main.c: 98:                     LOCK_MODE = 1;
  3596     00F5  3001               	movlw	1
  3597     00F6  00E3               	movwf	_LOCK_MODE
  3598                           
  3599                           ;main.c: 99:                     return;
  3600     00F7  2917               	goto	l79
  3601     00F8                     l1920:
  3602                           
  3603                           ;main.c: 101:                 _delay((unsigned long)((1000)*(16000000/4000.0)));
  3604     00F8  3015               	movlw	21
  3605     00F9  1283               	bcf	3,5	;RP0=0, select bank0
  3606     00FA  1303               	bcf	3,6	;RP1=0, select bank0
  3607     00FB  00CD               	movwf	??_ignition_system+2
  3608     00FC  304B               	movlw	75
  3609     00FD  00CC               	movwf	??_ignition_system+1
  3610     00FE  30BE               	movlw	190
  3611     00FF  00CB               	movwf	??_ignition_system
  3612     0100                     u2567:
  3613     0100  0BCB               	decfsz	??_ignition_system,f
  3614     0101  2900               	goto	u2567
  3615     0102  0BCC               	decfsz	??_ignition_system+1,f
  3616     0103  2900               	goto	u2567
  3617     0104  0BCD               	decfsz	??_ignition_system+2,f
  3618     0105  2900               	goto	u2567
  3619                           
  3620                           ;main.c: 102:             }
  3621     0106  2909               	goto	l1926
  3622     0107                     l1922:
  3623                           
  3624                           ;main.c: 106:                 FLA_ERROR = 0;
  3625     0107  01E0               	clrf	_FLA_ERROR
  3626     0108  2917               	goto	l79
  3627     0109                     l1926:
  3628                           
  3629                           ;main.c: 109:         }
  3630     0109  3001               	movlw	1
  3631     010A  1283               	bcf	3,5	;RP0=0, select bank0
  3632     010B  1303               	bcf	3,6	;RP1=0, select bank0
  3633     010C  07CE               	addwf	ignition_system@i,f
  3634     010D                     l1928:
  3635     010D  3003               	movlw	3
  3636     010E  024E               	subwf	ignition_system@i,w
  3637     010F  1C03               	skipc
  3638     0110  2912               	goto	u1841
  3639     0111  2913               	goto	u1840
  3640     0112                     u1841:
  3641     0112  2875               	goto	l1888
  3642     0113                     u1840:
  3643     0113  2917               	goto	l79
  3644     0114                     l71:	
  3645                           ;main.c: 113:     else {
  3646                           
  3647                           
  3648                           ;main.c: 114:         PORTCbits.RC5 = 1;
  3649     0114  1283               	bcf	3,5	;RP0=0, select bank0
  3650     0115  1303               	bcf	3,6	;RP1=0, select bank0
  3651     0116  1687               	bsf	7,5	;volatile
  3652     0117                     l79:
  3653     0117  0008               	return
  3654     0118                     __end_of_ignition_system:
  3655                           
  3656                           	psect	text17
  3657     073E                     __ptext17:	
  3658 ;; *************** function _adc_100 *****************
  3659 ;; Defined at:
  3660 ;;		line 20 in file "my_adc.c"
  3661 ;; Parameters:    Size  Location     Type
  3662 ;;  ch              1    wreg     unsigned char 
  3663 ;; Auto vars:     Size  Location     Type
  3664 ;;  ch              1   42[BANK0 ] unsigned char 
  3665 ;; Return value:  Size  Location     Type
  3666 ;;                  1    wreg      unsigned char 
  3667 ;; Registers used:
  3668 ;;		wreg, status,2, status,0, pclath, cstack
  3669 ;; Tracked objects:
  3670 ;;		On entry : 0/0
  3671 ;;		On exit  : 0/0
  3672 ;;		Unchanged: 0/0
  3673 ;; Data sizes:     COMMON   BANK0   BANK1   BANK2
  3674 ;;      Params:         0       0       0       0
  3675 ;;      Locals:         0       1       0       0
  3676 ;;      Temps:          0       4       0       0
  3677 ;;      Totals:         0       5       0       0
  3678 ;;Total ram usage:        5 bytes
  3679 ;; Hardware stack levels used: 1
  3680 ;; Hardware stack levels required when called: 3
  3681 ;; This function calls:
  3682 ;;		___lldiv
  3683 ;;		___lmul
  3684 ;;		_my_adc
  3685 ;; This function is called by:
  3686 ;;		_ignition_system
  3687 ;; This function uses a non-reentrant model
  3688 ;;
  3689                           
  3690     073E                     _adc_100:	
  3691                           ;psect for function _adc_100
  3692                           
  3693                           
  3694                           ;incstack = 0
  3695                           ; Regs used in _adc_100: [wreg+status,2+status,0+pclath+cstack]
  3696                           ;adc_100@ch stored from wreg
  3697     073E  1283               	bcf	3,5	;RP0=0, select bank0
  3698     073F  1303               	bcf	3,6	;RP1=0, select bank0
  3699     0740  00CA               	movwf	adc_100@ch
  3700     0741                     l1704:
  3701                           
  3702                           ;my_adc.c: 21:     return (uint8_t)((my_adc(ch) * 100UL) / 1023);
  3703     0741  3000               	movlw	0
  3704     0742  00BB               	movwf	___lldiv@divisor+3
  3705     0743  3000               	movlw	0
  3706     0744  00BA               	movwf	___lldiv@divisor+2
  3707     0745  3003               	movlw	3
  3708     0746  00B9               	movwf	___lldiv@divisor+1
  3709     0747  30FF               	movlw	255
  3710     0748  00B8               	movwf	___lldiv@divisor
  3711     0749  084A               	movf	adc_100@ch,w
  3712     074A  118A  26FA  118A   	fcall	_my_adc
  3713     074D  1283               	bcf	3,5	;RP0=0, select bank0
  3714     074E  1303               	bcf	3,6	;RP1=0, select bank0
  3715     074F  0821               	movf	?_my_adc,w
  3716     0750  00C6               	movwf	??_adc_100
  3717     0751  0822               	movf	?_my_adc+1,w
  3718     0752  00C7               	movwf	??_adc_100+1
  3719     0753  01C8               	clrf	??_adc_100+2
  3720     0754  01C9               	clrf	??_adc_100+3
  3721     0755  0849               	movf	??_adc_100+3,w
  3722     0756  00AE               	movwf	___lmul@multiplier+3
  3723     0757  0848               	movf	??_adc_100+2,w
  3724     0758  00AD               	movwf	___lmul@multiplier+2
  3725     0759  0847               	movf	??_adc_100+1,w
  3726     075A  00AC               	movwf	___lmul@multiplier+1
  3727     075B  0846               	movf	??_adc_100,w
  3728     075C  00AB               	movwf	___lmul@multiplier
  3729     075D  3000               	movlw	0
  3730     075E  00B2               	movwf	___lmul@multiplicand+3
  3731     075F  3000               	movlw	0
  3732     0760  00B1               	movwf	___lmul@multiplicand+2
  3733     0761  3000               	movlw	0
  3734     0762  00B0               	movwf	___lmul@multiplicand+1
  3735     0763  3064               	movlw	100
  3736     0764  00AF               	movwf	___lmul@multiplicand
  3737     0765  118A  25DF  118A   	fcall	___lmul
  3738     0768  1283               	bcf	3,5	;RP0=0, select bank0
  3739     0769  1303               	bcf	3,6	;RP1=0, select bank0
  3740     076A  082E               	movf	?___lmul+3,w
  3741     076B  00BF               	movwf	___lldiv@dividend+3
  3742     076C  082D               	movf	?___lmul+2,w
  3743     076D  00BE               	movwf	___lldiv@dividend+2
  3744     076E  082C               	movf	?___lmul+1,w
  3745     076F  00BD               	movwf	___lldiv@dividend+1
  3746     0770  082B               	movf	?___lmul,w
  3747     0771  00BC               	movwf	___lldiv@dividend
  3748     0772  118A  251D  118A   	fcall	___lldiv
  3749     0775  1283               	bcf	3,5	;RP0=0, select bank0
  3750     0776  1303               	bcf	3,6	;RP1=0, select bank0
  3751     0777  0838               	movf	?___lldiv,w
  3752     0778                     l278:
  3753     0778  0008               	return
  3754     0779                     __end_of_adc_100:
  3755                           
  3756                           	psect	text18
  3757     06FA                     __ptext18:	
  3758 ;; *************** function _my_adc *****************
  3759 ;; Defined at:
  3760 ;;		line 9 in file "my_adc.c"
  3761 ;; Parameters:    Size  Location     Type
  3762 ;;  ch              1    wreg     unsigned char 
  3763 ;; Auto vars:     Size  Location     Type
  3764 ;;  ch              1   10[BANK0 ] unsigned char 
  3765 ;; Return value:  Size  Location     Type
  3766 ;;                  2    1[BANK0 ] unsigned short 
  3767 ;; Registers used:
  3768 ;;		wreg, status,2, status,0
  3769 ;; Tracked objects:
  3770 ;;		On entry : 0/0
  3771 ;;		On exit  : 0/0
  3772 ;;		Unchanged: 0/0
  3773 ;; Data sizes:     COMMON   BANK0   BANK1   BANK2
  3774 ;;      Params:         0       2       0       0
  3775 ;;      Locals:         0       1       0       0
  3776 ;;      Temps:          0       7       0       0
  3777 ;;      Totals:         0      10       0       0
  3778 ;;Total ram usage:       10 bytes
  3779 ;; Hardware stack levels used: 1
  3780 ;; Hardware stack levels required when called: 2
  3781 ;; This function calls:
  3782 ;;		Nothing
  3783 ;; This function is called by:
  3784 ;;		_adc_100
  3785 ;; This function uses a non-reentrant model
  3786 ;;
  3787                           
  3788     06FA                     _my_adc:	
  3789                           ;psect for function _my_adc
  3790                           
  3791                           
  3792                           ;incstack = 0
  3793                           ; Regs used in _my_adc: [wreg+status,2+status,0]
  3794                           ;my_adc@ch stored from wreg
  3795     06FA  1283               	bcf	3,5	;RP0=0, select bank0
  3796     06FB  1303               	bcf	3,6	;RP1=0, select bank0
  3797     06FC  00AA               	movwf	my_adc@ch
  3798     06FD                     l1646:
  3799                           
  3800                           ;my_adc.c: 10:     ADCON0 &= 0xC3;
  3801     06FD  30C3               	movlw	195
  3802     06FE  059F               	andwf	31,f	;volatile
  3803                           
  3804                           ;my_adc.c: 11:     ADCON0 |= (ch << 2);
  3805     06FF  082A               	movf	my_adc@ch,w	;volatile
  3806     0700  00A3               	movwf	??_my_adc
  3807     0701  3001               	movlw	1
  3808     0702                     u1465:
  3809     0702  1003               	clrc
  3810     0703  0DA3               	rlf	??_my_adc,f
  3811     0704  3EFF               	addlw	-1
  3812     0705  1D03               	skipz
  3813     0706  2F02               	goto	u1465
  3814     0707  1003               	clrc
  3815     0708  0D23               	rlf	??_my_adc,w
  3816     0709  049F               	iorwf	31,f	;volatile
  3817     070A                     l1648:
  3818                           
  3819                           ;my_adc.c: 13:     _delay((unsigned long)((1)*(16000000/4000.0)));
  3820     070A  3006               	movlw	6
  3821     070B  1283               	bcf	3,5	;RP0=0, select bank0
  3822     070C  1303               	bcf	3,6	;RP1=0, select bank0
  3823     070D  00A4               	movwf	??_my_adc+1
  3824     070E  3030               	movlw	48
  3825     070F  00A3               	movwf	??_my_adc
  3826     0710                     u2577:
  3827     0710  0BA3               	decfsz	??_my_adc,f
  3828     0711  2F10               	goto	u2577
  3829     0712  0BA4               	decfsz	??_my_adc+1,f
  3830     0713  2F10               	goto	u2577
  3831     0714                     l1650:
  3832                           
  3833                           ;my_adc.c: 14:     ADCON0bits.GO_nDONE = 1;
  3834     0714  1283               	bcf	3,5	;RP0=0, select bank0
  3835     0715  1303               	bcf	3,6	;RP1=0, select bank0
  3836     0716  149F               	bsf	31,1	;volatile
  3837     0717                     l272:	
  3838                           ;my_adc.c: 15:     while (ADCON0bits.GO_nDONE);
  3839                           
  3840     0717  189F               	btfsc	31,1	;volatile
  3841     0718  2F1A               	goto	u1471
  3842     0719  2F1B               	goto	u1470
  3843     071A                     u1471:
  3844     071A  2F17               	goto	l272
  3845     071B                     u1470:
  3846     071B                     l1652:
  3847                           
  3848                           ;my_adc.c: 17:     return ((uint16_t)ADRESH << 2) | (ADRESL >> 6);
  3849     071B  1683               	bsf	3,5	;RP0=1, select bank1
  3850     071C  1303               	bcf	3,6	;RP1=0, select bank1
  3851     071D  081E               	movf	30,w	;volatile
  3852     071E  1283               	bcf	3,5	;RP0=0, select bank0
  3853     071F  1303               	bcf	3,6	;RP1=0, select bank0
  3854     0720  00A3               	movwf	??_my_adc
  3855     0721  3006               	movlw	6
  3856     0722                     u1485:
  3857     0722  1003               	clrc
  3858     0723  0CA3               	rrf	??_my_adc,f
  3859     0724  3EFF               	addlw	-1
  3860     0725  1D03               	skipz
  3861     0726  2F22               	goto	u1485
  3862     0727  0823               	movf	??_my_adc,w
  3863     0728  00A4               	movwf	??_my_adc+1
  3864     0729  01A5               	clrf	??_my_adc+2
  3865     072A  081E               	movf	30,w	;volatile
  3866     072B  00A6               	movwf	??_my_adc+3
  3867     072C  01A7               	clrf	??_my_adc+4
  3868     072D  1003               	clrc
  3869     072E  0DA6               	rlf	??_my_adc+3,f
  3870     072F  0DA7               	rlf	??_my_adc+4,f
  3871     0730  1003               	clrc
  3872     0731  0DA6               	rlf	??_my_adc+3,f
  3873     0732  0DA7               	rlf	??_my_adc+4,f
  3874     0733  0824               	movf	??_my_adc+1,w
  3875     0734  0426               	iorwf	??_my_adc+3,w
  3876     0735  00A8               	movwf	??_my_adc+5
  3877     0736  0825               	movf	??_my_adc+2,w
  3878     0737  0427               	iorwf	??_my_adc+4,w
  3879     0738  00A9               	movwf	??_my_adc+6
  3880     0739  0828               	movf	??_my_adc+5,w
  3881     073A  00A1               	movwf	?_my_adc
  3882     073B  0829               	movf	??_my_adc+6,w
  3883     073C  00A2               	movwf	?_my_adc+1
  3884     073D                     l275:
  3885     073D  0008               	return
  3886     073E                     __end_of_my_adc:
  3887                           
  3888                           	psect	text19
  3889     05DF                     __ptext19:	
  3890 ;; *************** function ___lmul *****************
  3891 ;; Defined at:
  3892 ;;		line 15 in file "D:\Program Files\Microchip\xc8\v3.00\pic\sources\c99\common\Umul32.c"
  3893 ;; Parameters:    Size  Location     Type
  3894 ;;  multiplier      4   11[BANK0 ] unsigned long 
  3895 ;;  multiplicand    4   15[BANK0 ] unsigned long 
  3896 ;; Auto vars:     Size  Location     Type
  3897 ;;  product         4   20[BANK0 ] unsigned long 
  3898 ;; Return value:  Size  Location     Type
  3899 ;;                  4   11[BANK0 ] unsigned long 
  3900 ;; Registers used:
  3901 ;;		wreg, status,2, status,0
  3902 ;; Tracked objects:
  3903 ;;		On entry : 0/0
  3904 ;;		On exit  : 0/0
  3905 ;;		Unchanged: 0/0
  3906 ;; Data sizes:     COMMON   BANK0   BANK1   BANK2
  3907 ;;      Params:         0       8       0       0
  3908 ;;      Locals:         0       4       0       0
  3909 ;;      Temps:          0       1       0       0
  3910 ;;      Totals:         0      13       0       0
  3911 ;;Total ram usage:       13 bytes
  3912 ;; Hardware stack levels used: 1
  3913 ;; Hardware stack levels required when called: 2
  3914 ;; This function calls:
  3915 ;;		Nothing
  3916 ;; This function is called by:
  3917 ;;		_adc_100
  3918 ;; This function uses a non-reentrant model
  3919 ;;
  3920                           
  3921     05DF                     ___lmul:	
  3922                           ;psect for function ___lmul
  3923                           
  3924     05DF                     l1656:	
  3925                           ;incstack = 0
  3926                           ; Regs used in ___lmul: [wreg+status,2+status,0]
  3927                           
  3928     05DF  3000               	movlw	0
  3929     05E0  1283               	bcf	3,5	;RP0=0, select bank0
  3930     05E1  1303               	bcf	3,6	;RP1=0, select bank0
  3931     05E2  00B7               	movwf	___lmul@product+3
  3932     05E3  3000               	movlw	0
  3933     05E4  00B6               	movwf	___lmul@product+2
  3934     05E5  3000               	movlw	0
  3935     05E6  00B5               	movwf	___lmul@product+1
  3936     05E7  3000               	movlw	0
  3937     05E8  00B4               	movwf	___lmul@product
  3938     05E9                     l1658:
  3939     05E9  1C2B               	btfss	___lmul@multiplier,0
  3940     05EA  2DEC               	goto	u1491
  3941     05EB  2DED               	goto	u1490
  3942     05EC                     u1491:
  3943     05EC  2E04               	goto	l1662
  3944     05ED                     u1490:
  3945     05ED                     l1660:
  3946     05ED  082F               	movf	___lmul@multiplicand,w
  3947     05EE  07B4               	addwf	___lmul@product,f
  3948     05EF  0830               	movf	___lmul@multiplicand+1,w
  3949     05F0  1103               	clrz
  3950     05F1  1803               	skipnc
  3951     05F2  3E01               	addlw	1
  3952     05F3  1903               	skipnz
  3953     05F4  2DF6               	goto	u1501
  3954     05F5  07B5               	addwf	___lmul@product+1,f
  3955     05F6                     u1501:
  3956     05F6  0831               	movf	___lmul@multiplicand+2,w
  3957     05F7  1103               	clrz
  3958     05F8  1803               	skipnc
  3959     05F9  3E01               	addlw	1
  3960     05FA  1903               	skipnz
  3961     05FB  2DFD               	goto	u1502
  3962     05FC  07B6               	addwf	___lmul@product+2,f
  3963     05FD                     u1502:
  3964     05FD  0832               	movf	___lmul@multiplicand+3,w
  3965     05FE  1103               	clrz
  3966     05FF  1803               	skipnc
  3967     0600  3E01               	addlw	1
  3968     0601  1903               	skipnz
  3969     0602  2E04               	goto	u1503
  3970     0603  07B7               	addwf	___lmul@product+3,f
  3971     0604                     u1503:
  3972     0604                     l1662:
  3973     0604  3001               	movlw	1
  3974     0605  00B3               	movwf	??___lmul
  3975     0606                     u1515:
  3976     0606  1003               	clrc
  3977     0607  0DAF               	rlf	___lmul@multiplicand,f
  3978     0608  0DB0               	rlf	___lmul@multiplicand+1,f
  3979     0609  0DB1               	rlf	___lmul@multiplicand+2,f
  3980     060A  0DB2               	rlf	___lmul@multiplicand+3,f
  3981     060B  0BB3               	decfsz	??___lmul,f
  3982     060C  2E06               	goto	u1515
  3983     060D                     l1664:
  3984     060D  3001               	movlw	1
  3985     060E                     u1525:
  3986     060E  1003               	clrc
  3987     060F  0CAE               	rrf	___lmul@multiplier+3,f
  3988     0610  0CAD               	rrf	___lmul@multiplier+2,f
  3989     0611  0CAC               	rrf	___lmul@multiplier+1,f
  3990     0612  0CAB               	rrf	___lmul@multiplier,f
  3991     0613  3EFF               	addlw	-1
  3992     0614  1D03               	skipz
  3993     0615  2E0E               	goto	u1525
  3994     0616  082E               	movf	___lmul@multiplier+3,w
  3995     0617  042D               	iorwf	___lmul@multiplier+2,w
  3996     0618  042C               	iorwf	___lmul@multiplier+1,w
  3997     0619  042B               	iorwf	___lmul@multiplier,w
  3998     061A  1D03               	skipz
  3999     061B  2E1D               	goto	u1531
  4000     061C  2E1E               	goto	u1530
  4001     061D                     u1531:
  4002     061D  2DE9               	goto	l1658
  4003     061E                     u1530:
  4004     061E                     l1666:
  4005     061E  0837               	movf	___lmul@product+3,w
  4006     061F  00AE               	movwf	?___lmul+3
  4007     0620  0836               	movf	___lmul@product+2,w
  4008     0621  00AD               	movwf	?___lmul+2
  4009     0622  0835               	movf	___lmul@product+1,w
  4010     0623  00AC               	movwf	?___lmul+1
  4011     0624  0834               	movf	___lmul@product,w
  4012     0625  00AB               	movwf	?___lmul
  4013     0626                     l378:
  4014     0626  0008               	return
  4015     0627                     __end_of___lmul:
  4016                           
  4017                           	psect	text20
  4018     051D                     __ptext20:	
  4019 ;; *************** function ___lldiv *****************
  4020 ;; Defined at:
  4021 ;;		line 5 in file "D:\Program Files\Microchip\xc8\v3.00\pic\sources\c99\common\__lldiv.c"
  4022 ;; Parameters:    Size  Location     Type
  4023 ;;  divisor         4   24[BANK0 ] unsigned long 
  4024 ;;  dividend        4   28[BANK0 ] unsigned long 
  4025 ;; Auto vars:     Size  Location     Type
  4026 ;;  quotient        4   33[BANK0 ] unsigned long 
  4027 ;;  counter         1   37[BANK0 ] unsigned char 
  4028 ;; Return value:  Size  Location     Type
  4029 ;;                  4   24[BANK0 ] unsigned long 
  4030 ;; Registers used:
  4031 ;;		wreg, status,2, status,0
  4032 ;; Tracked objects:
  4033 ;;		On entry : 0/0
  4034 ;;		On exit  : 0/0
  4035 ;;		Unchanged: 0/0
  4036 ;; Data sizes:     COMMON   BANK0   BANK1   BANK2
  4037 ;;      Params:         0       8       0       0
  4038 ;;      Locals:         0       5       0       0
  4039 ;;      Temps:          0       1       0       0
  4040 ;;      Totals:         0      14       0       0
  4041 ;;Total ram usage:       14 bytes
  4042 ;; Hardware stack levels used: 1
  4043 ;; Hardware stack levels required when called: 2
  4044 ;; This function calls:
  4045 ;;		Nothing
  4046 ;; This function is called by:
  4047 ;;		_adc_100
  4048 ;; This function uses a non-reentrant model
  4049 ;;
  4050                           
  4051     051D                     ___lldiv:	
  4052                           ;psect for function ___lldiv
  4053                           
  4054     051D                     l1670:	
  4055                           ;incstack = 0
  4056                           ; Regs used in ___lldiv: [wreg+status,2+status,0]
  4057                           
  4058     051D  3000               	movlw	0
  4059     051E  1283               	bcf	3,5	;RP0=0, select bank0
  4060     051F  1303               	bcf	3,6	;RP1=0, select bank0
  4061     0520  00C4               	movwf	___lldiv@quotient+3
  4062     0521  3000               	movlw	0
  4063     0522  00C3               	movwf	___lldiv@quotient+2
  4064     0523  3000               	movlw	0
  4065     0524  00C2               	movwf	___lldiv@quotient+1
  4066     0525  3000               	movlw	0
  4067     0526  00C1               	movwf	___lldiv@quotient
  4068     0527  083B               	movf	___lldiv@divisor+3,w
  4069     0528  043A               	iorwf	___lldiv@divisor+2,w
  4070     0529  0439               	iorwf	___lldiv@divisor+1,w
  4071     052A  0438               	iorwf	___lldiv@divisor,w
  4072     052B  1903               	skipnz
  4073     052C  2D2E               	goto	u1541
  4074     052D  2D2F               	goto	u1540
  4075     052E                     u1541:
  4076     052E  2D7A               	goto	l1690
  4077     052F                     u1540:
  4078     052F                     l1672:
  4079     052F  3001               	movlw	1
  4080     0530  00C5               	movwf	___lldiv@counter
  4081     0531  2D3D               	goto	l1676
  4082     0532                     l1674:
  4083     0532  3001               	movlw	1
  4084     0533  00C0               	movwf	??___lldiv
  4085     0534                     u1555:
  4086     0534  1003               	clrc
  4087     0535  0DB8               	rlf	___lldiv@divisor,f
  4088     0536  0DB9               	rlf	___lldiv@divisor+1,f
  4089     0537  0DBA               	rlf	___lldiv@divisor+2,f
  4090     0538  0DBB               	rlf	___lldiv@divisor+3,f
  4091     0539  0BC0               	decfsz	??___lldiv,f
  4092     053A  2D34               	goto	u1555
  4093     053B  3001               	movlw	1
  4094     053C  07C5               	addwf	___lldiv@counter,f
  4095     053D                     l1676:
  4096     053D  1FBB               	btfss	___lldiv@divisor+3,7
  4097     053E  2D40               	goto	u1561
  4098     053F  2D41               	goto	u1560
  4099     0540                     u1561:
  4100     0540  2D32               	goto	l1674
  4101     0541                     u1560:
  4102     0541                     l1678:
  4103     0541  3001               	movlw	1
  4104     0542  00C0               	movwf	??___lldiv
  4105     0543                     u1575:
  4106     0543  1003               	clrc
  4107     0544  0DC1               	rlf	___lldiv@quotient,f
  4108     0545  0DC2               	rlf	___lldiv@quotient+1,f
  4109     0546  0DC3               	rlf	___lldiv@quotient+2,f
  4110     0547  0DC4               	rlf	___lldiv@quotient+3,f
  4111     0548  0BC0               	decfsz	??___lldiv,f
  4112     0549  2D43               	goto	u1575
  4113     054A                     l1680:
  4114     054A  083B               	movf	___lldiv@divisor+3,w
  4115     054B  023F               	subwf	___lldiv@dividend+3,w
  4116     054C  1D03               	skipz
  4117     054D  2D58               	goto	u1585
  4118     054E  083A               	movf	___lldiv@divisor+2,w
  4119     054F  023E               	subwf	___lldiv@dividend+2,w
  4120     0550  1D03               	skipz
  4121     0551  2D58               	goto	u1585
  4122     0552  0839               	movf	___lldiv@divisor+1,w
  4123     0553  023D               	subwf	___lldiv@dividend+1,w
  4124     0554  1D03               	skipz
  4125     0555  2D58               	goto	u1585
  4126     0556  0838               	movf	___lldiv@divisor,w
  4127     0557  023C               	subwf	___lldiv@dividend,w
  4128     0558                     u1585:
  4129     0558  1C03               	skipc
  4130     0559  2D5B               	goto	u1581
  4131     055A  2D5C               	goto	u1580
  4132     055B                     u1581:
  4133     055B  2D6B               	goto	l1686
  4134     055C                     u1580:
  4135     055C                     l1682:
  4136     055C  0838               	movf	___lldiv@divisor,w
  4137     055D  02BC               	subwf	___lldiv@dividend,f
  4138     055E  0839               	movf	___lldiv@divisor+1,w
  4139     055F  1C03               	skipc
  4140     0560  0F39               	incfsz	___lldiv@divisor+1,w
  4141     0561  02BD               	subwf	___lldiv@dividend+1,f
  4142     0562  083A               	movf	___lldiv@divisor+2,w
  4143     0563  1C03               	skipc
  4144     0564  0F3A               	incfsz	___lldiv@divisor+2,w
  4145     0565  02BE               	subwf	___lldiv@dividend+2,f
  4146     0566  083B               	movf	___lldiv@divisor+3,w
  4147     0567  1C03               	skipc
  4148     0568  0F3B               	incfsz	___lldiv@divisor+3,w
  4149     0569  02BF               	subwf	___lldiv@dividend+3,f
  4150     056A                     l1684:
  4151     056A  1441               	bsf	___lldiv@quotient,0
  4152     056B                     l1686:
  4153     056B  3001               	movlw	1
  4154     056C                     u1595:
  4155     056C  1003               	clrc
  4156     056D  0CBB               	rrf	___lldiv@divisor+3,f
  4157     056E  0CBA               	rrf	___lldiv@divisor+2,f
  4158     056F  0CB9               	rrf	___lldiv@divisor+1,f
  4159     0570  0CB8               	rrf	___lldiv@divisor,f
  4160     0571  3EFF               	addlw	-1
  4161     0572  1D03               	skipz
  4162     0573  2D6C               	goto	u1595
  4163     0574                     l1688:
  4164     0574  3001               	movlw	1
  4165     0575  02C5               	subwf	___lldiv@counter,f
  4166     0576  1D03               	btfss	3,2
  4167     0577  2D79               	goto	u1601
  4168     0578  2D7A               	goto	u1600
  4169     0579                     u1601:
  4170     0579  2D41               	goto	l1678
  4171     057A                     u1600:
  4172     057A                     l1690:
  4173     057A  0844               	movf	___lldiv@quotient+3,w
  4174     057B  00BB               	movwf	?___lldiv+3
  4175     057C  0843               	movf	___lldiv@quotient+2,w
  4176     057D  00BA               	movwf	?___lldiv+2
  4177     057E  0842               	movf	___lldiv@quotient+1,w
  4178     057F  00B9               	movwf	?___lldiv+1
  4179     0580  0841               	movf	___lldiv@quotient,w
  4180     0581  00B8               	movwf	?___lldiv
  4181     0582                     l400:
  4182     0582  0008               	return
  4183     0583                     __end_of___lldiv:
  4184                           
  4185                           	psect	text21
  4186     0627                     __ptext21:	
  4187 ;; *************** function _create_task *****************
  4188 ;; Defined at:
  4189 ;;		line 26 in file "my_timer_1ms.c"
  4190 ;; Parameters:    Size  Location     Type
  4191 ;;  fn              1    4[BANK0 ] PTR FTN()void 
  4192 ;;		 -> led_set(1), debounce(1), blink(1), 
  4193 ;;  ms              2    5[BANK0 ] unsigned short 
  4194 ;; Auto vars:     Size  Location     Type
  4195 ;;  i               1    7[BANK0 ] unsigned char 
  4196 ;; Return value:  Size  Location     Type
  4197 ;;                  1    wreg      _Bool 
  4198 ;; Registers used:
  4199 ;;		wreg, fsr0l, fsr0h, status,2, status,0, pclath, cstack
  4200 ;; Tracked objects:
  4201 ;;		On entry : 0/0
  4202 ;;		On exit  : 0/0
  4203 ;;		Unchanged: 0/0
  4204 ;; Data sizes:     COMMON   BANK0   BANK1   BANK2
  4205 ;;      Params:         0       3       0       0
  4206 ;;      Locals:         0       1       0       0
  4207 ;;      Temps:          0       0       0       0
  4208 ;;      Totals:         0       4       0       0
  4209 ;;Total ram usage:        4 bytes
  4210 ;; Hardware stack levels used: 1
  4211 ;; Hardware stack levels required when called: 3
  4212 ;; This function calls:
  4213 ;;		___bmul
  4214 ;; This function is called by:
  4215 ;;		_main
  4216 ;; This function uses a non-reentrant model
  4217 ;;
  4218                           
  4219     0627                     _create_task:	
  4220                           ;psect for function _create_task
  4221                           
  4222     0627                     l1802:	
  4223                           ;incstack = 0
  4224                           ; Regs used in _create_task: [wreg-fsr0h+status,2+status,0+pclath+cstack]
  4225                           
  4226                           
  4227                           ;my_timer_1ms.c: 27:     for (uint8_t i = 0; i < 5; i++) {
  4228     0627  1283               	bcf	3,5	;RP0=0, select bank0
  4229     0628  1303               	bcf	3,6	;RP1=0, select bank0
  4230     0629  01A7               	clrf	create_task@i
  4231     062A                     l1808:
  4232                           
  4233                           ;my_timer_1ms.c: 28:         if (task_list[i].fn == ((void*)0)) {
  4234     062A  3005               	movlw	5
  4235     062B  00A1               	movwf	___bmul@multiplicand
  4236     062C  0827               	movf	create_task@i,w
  4237     062D  158A  2739  118A   	fcall	___bmul
  4238     0630  3EC0               	addlw	(low (_task_list@my_timer_1ms$F356| 0))& (0+255)
  4239     0631  0084               	movwf	4
  4240     0632  1383               	bcf	3,7	;select IRP bank1
  4241     0633  0800               	movf	0,w
  4242     0634  1D03               	btfss	3,2
  4243     0635  2E37               	goto	u1651
  4244     0636  2E38               	goto	u1650
  4245     0637                     u1651:
  4246     0637  2E64               	goto	l1814
  4247     0638                     u1650:
  4248     0638                     l1810:
  4249                           
  4250                           ;my_timer_1ms.c: 29:             task_list[i].fn = fn;
  4251     0638  3005               	movlw	5
  4252     0639  1283               	bcf	3,5	;RP0=0, select bank0
  4253     063A  1303               	bcf	3,6	;RP1=0, select bank0
  4254     063B  00A1               	movwf	___bmul@multiplicand
  4255     063C  0827               	movf	create_task@i,w
  4256     063D  158A  2739  118A   	fcall	___bmul
  4257     0640  3EC0               	addlw	(low (_task_list@my_timer_1ms$F356| 0))& (0+255)
  4258     0641  0084               	movwf	4
  4259     0642  1283               	bcf	3,5	;RP0=0, select bank0
  4260     0643  1303               	bcf	3,6	;RP1=0, select bank0
  4261     0644  0824               	movf	create_task@fn,w
  4262     0645  1383               	bcf	3,7	;select IRP bank1
  4263     0646  0080               	movwf	0
  4264                           
  4265                           ;my_timer_1ms.c: 30:             task_list[i].ms = ms;
  4266     0647  3005               	movlw	5
  4267     0648  00A1               	movwf	___bmul@multiplicand
  4268     0649  0827               	movf	create_task@i,w
  4269     064A  158A  2739  118A   	fcall	___bmul
  4270     064D  3EC1               	addlw	(low ((_task_list@my_timer_1ms$F356| 0+1)))& (0+255)
  4271     064E  0084               	movwf	4
  4272     064F  1283               	bcf	3,5	;RP0=0, select bank0
  4273     0650  1303               	bcf	3,6	;RP1=0, select bank0
  4274     0651  0825               	movf	create_task@ms,w
  4275     0652  1383               	bcf	3,7	;select IRP bank1
  4276     0653  0080               	movwf	0
  4277     0654  0A84               	incf	4,f
  4278     0655  0826               	movf	create_task@ms+1,w
  4279     0656  0080               	movwf	0
  4280                           
  4281                           ;my_timer_1ms.c: 31:             task_list[i].cnt = 0;
  4282     0657  3005               	movlw	5
  4283     0658  00A1               	movwf	___bmul@multiplicand
  4284     0659  0827               	movf	create_task@i,w
  4285     065A  158A  2739  118A   	fcall	___bmul
  4286     065D  3EC3               	addlw	(low ((_task_list@my_timer_1ms$F356| 0+3)))& (0+255)
  4287     065E  0084               	movwf	4
  4288     065F  1383               	bcf	3,7	;select IRP bank1
  4289     0660  0180               	clrf	0
  4290     0661  0A84               	incf	4,f
  4291     0662  0180               	clrf	0
  4292     0663  2E6E               	goto	l228
  4293     0664                     l1814:
  4294                           
  4295                           ;my_timer_1ms.c: 34:     }
  4296     0664  3001               	movlw	1
  4297     0665  1283               	bcf	3,5	;RP0=0, select bank0
  4298     0666  1303               	bcf	3,6	;RP1=0, select bank0
  4299     0667  07A7               	addwf	create_task@i,f
  4300     0668                     l1816:
  4301     0668  3005               	movlw	5
  4302     0669  0227               	subwf	create_task@i,w
  4303     066A  1C03               	skipc
  4304     066B  2E6D               	goto	u1661
  4305     066C  2E6E               	goto	u1660
  4306     066D                     u1661:
  4307     066D  2E2A               	goto	l1808
  4308     066E                     u1660:
  4309     066E                     l228:
  4310     066E  0008               	return
  4311     066F                     __end_of_create_task:
  4312                           
  4313                           	psect	text22
  4314     0F39                     __ptext22:	
  4315 ;; *************** function ___bmul *****************
  4316 ;; Defined at:
  4317 ;;		line 4 in file "D:\Program Files\Microchip\xc8\v3.00\pic\sources\c99\common\Umul8.c"
  4318 ;; Parameters:    Size  Location     Type
  4319 ;;  multiplier      1    wreg     unsigned char 
  4320 ;;  multiplicand    1    1[BANK0 ] unsigned char 
  4321 ;; Auto vars:     Size  Location     Type
  4322 ;;  multiplier      1    3[BANK0 ] unsigned char 
  4323 ;;  product         1    2[BANK0 ] unsigned char 
  4324 ;; Return value:  Size  Location     Type
  4325 ;;                  1    wreg      unsigned char 
  4326 ;; Registers used:
  4327 ;;		wreg, status,2, status,0
  4328 ;; Tracked objects:
  4329 ;;		On entry : 0/0
  4330 ;;		On exit  : 0/0
  4331 ;;		Unchanged: 0/0
  4332 ;; Data sizes:     COMMON   BANK0   BANK1   BANK2
  4333 ;;      Params:         0       1       0       0
  4334 ;;      Locals:         0       2       0       0
  4335 ;;      Temps:          0       0       0       0
  4336 ;;      Totals:         0       3       0       0
  4337 ;;Total ram usage:        3 bytes
  4338 ;; Hardware stack levels used: 1
  4339 ;; Hardware stack levels required when called: 2
  4340 ;; This function calls:
  4341 ;;		Nothing
  4342 ;; This function is called by:
  4343 ;;		_create_task
  4344 ;;		_timer_isr
  4345 ;;		_task_existis
  4346 ;;		_drop_task
  4347 ;; This function uses a non-reentrant model
  4348 ;;
  4349                           
  4350     0F39                     ___bmul:	
  4351                           ;psect for function ___bmul
  4352                           
  4353                           
  4354                           ;incstack = 0
  4355                           ; Regs used in ___bmul: [wreg+status,2+status,0]
  4356                           ;___bmul@multiplier stored from wreg
  4357     0F39  1283               	bcf	3,5	;RP0=0, select bank0
  4358     0F3A  1303               	bcf	3,6	;RP1=0, select bank0
  4359     0F3B  00A3               	movwf	___bmul@multiplier
  4360     0F3C                     l1736:
  4361     0F3C  01A2               	clrf	___bmul@product
  4362     0F3D                     l1738:
  4363     0F3D  1C23               	btfss	___bmul@multiplier,0
  4364     0F3E  2F40               	goto	u1631
  4365     0F3F  2F41               	goto	u1630
  4366     0F40                     u1631:
  4367     0F40  2F43               	goto	l1742
  4368     0F41                     u1630:
  4369     0F41                     l1740:
  4370     0F41  0821               	movf	___bmul@multiplicand,w
  4371     0F42  07A2               	addwf	___bmul@product,f
  4372     0F43                     l1742:
  4373     0F43  1003               	clrc
  4374     0F44  0DA1               	rlf	___bmul@multiplicand,f
  4375     0F45                     l1744:
  4376     0F45  1003               	clrc
  4377     0F46  0CA3               	rrf	___bmul@multiplier,f
  4378     0F47  0823               	movf	___bmul@multiplier,w
  4379     0F48  1D03               	btfss	3,2
  4380     0F49  2F4B               	goto	u1641
  4381     0F4A  2F4C               	goto	u1640
  4382     0F4B                     u1641:
  4383     0F4B  2F3D               	goto	l1738
  4384     0F4C                     u1640:
  4385     0F4C                     l1746:
  4386     0F4C  0822               	movf	___bmul@product,w
  4387     0F4D                     l390:
  4388     0F4D  0008               	return
  4389     0F4E                     __end_of___bmul:
  4390                           
  4391                           	psect	text23
  4392     0F0B                     __ptext23:	
  4393 ;; *************** function _adc_init *****************
  4394 ;; Defined at:
  4395 ;;		line 4 in file "my_adc.c"
  4396 ;; Parameters:    Size  Location     Type
  4397 ;;		None
  4398 ;; Auto vars:     Size  Location     Type
  4399 ;;		None
  4400 ;; Return value:  Size  Location     Type
  4401 ;;                  1    wreg      void 
  4402 ;; Registers used:
  4403 ;;		None
  4404 ;; Tracked objects:
  4405 ;;		On entry : 0/0
  4406 ;;		On exit  : 0/0
  4407 ;;		Unchanged: 0/0
  4408 ;; Data sizes:     COMMON   BANK0   BANK1   BANK2
  4409 ;;      Params:         0       0       0       0
  4410 ;;      Locals:         0       0       0       0
  4411 ;;      Temps:          0       0       0       0
  4412 ;;      Totals:         0       0       0       0
  4413 ;;Total ram usage:        0 bytes
  4414 ;; Hardware stack levels used: 1
  4415 ;; Hardware stack levels required when called: 2
  4416 ;; This function calls:
  4417 ;;		Nothing
  4418 ;; This function is called by:
  4419 ;;		_main
  4420 ;; This function uses a non-reentrant model
  4421 ;;
  4422                           
  4423     0F0B                     _adc_init:	
  4424                           ;psect for function _adc_init
  4425                           
  4426     0F0B                     l1756:	
  4427                           ;incstack = 0
  4428                           ; Regs used in _adc_init: []
  4429                           
  4430                           
  4431                           ;my_adc.c: 5:     ADCON1 = 0x06;
  4432     0F0B  3006               	movlw	6
  4433     0F0C  1683               	bsf	3,5	;RP0=1, select bank1
  4434     0F0D  1303               	bcf	3,6	;RP1=0, select bank1
  4435     0F0E  009F               	movwf	31	;volatile
  4436                           
  4437                           ;my_adc.c: 6:     ADCON0 = 0x01;
  4438     0F0F  3001               	movlw	1
  4439     0F10  1283               	bcf	3,5	;RP0=0, select bank0
  4440     0F11  1303               	bcf	3,6	;RP1=0, select bank0
  4441     0F12  009F               	movwf	31	;volatile
  4442     0F13                     l269:
  4443     0F13  0008               	return
  4444     0F14                     __end_of_adc_init:
  4445                           
  4446                           	psect	text24
  4447     03AE                     __ptext24:	
  4448 ;; *************** function _timer_isr *****************
  4449 ;; Defined at:
  4450 ;;		line 48 in file "my_timer_1ms.c"
  4451 ;; Parameters:    Size  Location     Type
  4452 ;;		None
  4453 ;; Auto vars:     Size  Location     Type
  4454 ;;  i               1    0[BANK0 ] unsigned char 
  4455 ;; Return value:  Size  Location     Type
  4456 ;;                  1    wreg      void 
  4457 ;; Registers used:
  4458 ;;		wreg, fsr0l, fsr0h, status,2, status,0, pclath, cstack
  4459 ;; Tracked objects:
  4460 ;;		On entry : 0/0
  4461 ;;		On exit  : 0/0
  4462 ;;		Unchanged: 0/0
  4463 ;; Data sizes:     COMMON   BANK0   BANK1   BANK2
  4464 ;;      Params:         0       0       0       0
  4465 ;;      Locals:         0       1       0       0
  4466 ;;      Temps:          8       0       0       0
  4467 ;;      Totals:         8       1       0       0
  4468 ;;Total ram usage:        9 bytes
  4469 ;; Hardware stack levels used: 1
  4470 ;; Hardware stack levels required when called: 1
  4471 ;; This function calls:
  4472 ;;		_blink
  4473 ;;		_debounce
  4474 ;;		_led_set
  4475 ;;		i1___bmul
  4476 ;; This function is called by:
  4477 ;;		Interrupt level 1
  4478 ;; This function uses a non-reentrant model
  4479 ;;
  4480                           
  4481     03AE                     _timer_isr:	
  4482                           ;psect for function _timer_isr
  4483                           
  4484     03AE                     i1l2126:
  4485                           
  4486                           ;my_timer_1ms.c: 49:     if (INTCONbits.T0IF) {
  4487     03AE  1D0B               	btfss	11,2	;volatile
  4488     03AF  2BB1               	goto	u235_21
  4489     03B0  2BB2               	goto	u235_20
  4490     03B1                     u235_21:
  4491     03B1  2C25               	goto	i1l244
  4492     03B2                     u235_20:
  4493     03B2                     i1l2128:
  4494                           
  4495                           ;my_timer_1ms.c: 50:         for (uint8_t i = 0; i < 5; i++) {
  4496     03B2  1283               	bcf	3,5	;RP0=0, select bank0
  4497     03B3  1303               	bcf	3,6	;RP1=0, select bank0
  4498     03B4  01A0               	clrf	timer_isr@i
  4499     03B5                     i1l2134:
  4500                           
  4501                           ;my_timer_1ms.c: 51:             if (task_list[i].fn != ((void*)0)) {
  4502     03B5  3005               	movlw	5
  4503     03B6  00F0               	movwf	i1___bmul@multiplicand
  4504     03B7  0820               	movf	timer_isr@i,w
  4505     03B8  158A  2726  118A   	fcall	i1___bmul
  4506     03BB  3EC0               	addlw	(low (_task_list@my_timer_1ms$F356| 0))& (0+255)
  4507     03BC  0084               	movwf	4
  4508     03BD  1383               	bcf	3,7	;select IRP bank1
  4509     03BE  0800               	movf	0,w
  4510     03BF  1903               	btfsc	3,2
  4511     03C0  2BC2               	goto	u236_21
  4512     03C1  2BC3               	goto	u236_20
  4513     03C2                     u236_21:
  4514     03C2  2C1A               	goto	i1l2140
  4515     03C3                     u236_20:
  4516     03C3                     i1l2136:
  4517                           
  4518                           ;my_timer_1ms.c: 52:                 task_list[i].cnt ++;
  4519     03C3  3005               	movlw	5
  4520     03C4  00F0               	movwf	i1___bmul@multiplicand
  4521     03C5  1283               	bcf	3,5	;RP0=0, select bank0
  4522     03C6  1303               	bcf	3,6	;RP1=0, select bank0
  4523     03C7  0820               	movf	timer_isr@i,w
  4524     03C8  158A  2726  118A   	fcall	i1___bmul
  4525     03CB  3EC3               	addlw	(low ((_task_list@my_timer_1ms$F356| 0+3)))& (0+255)
  4526     03CC  0084               	movwf	4
  4527     03CD  3001               	movlw	1
  4528     03CE  1383               	bcf	3,7	;select IRP bank1
  4529     03CF  0780               	addwf	0,f
  4530     03D0  0A84               	incf	4,f
  4531     03D1  1803               	skipnc
  4532     03D2  0A80               	incf	0,f
  4533                           
  4534                           ;my_timer_1ms.c: 53:                 if (task_list[i].cnt >= task_list[i].ms) {
  4535     03D3  3005               	movlw	5
  4536     03D4  00F0               	movwf	i1___bmul@multiplicand
  4537     03D5  1283               	bcf	3,5	;RP0=0, select bank0
  4538     03D6  1303               	bcf	3,6	;RP1=0, select bank0
  4539     03D7  0820               	movf	timer_isr@i,w
  4540     03D8  158A  2726  118A   	fcall	i1___bmul
  4541     03DB  3EC1               	addlw	(low ((_task_list@my_timer_1ms$F356| 0+1)))& (0+255)
  4542     03DC  0084               	movwf	4
  4543     03DD  1383               	bcf	3,7	;select IRP bank1
  4544     03DE  0800               	movf	0,w
  4545     03DF  00F6               	movwf	??_timer_isr
  4546     03E0  0A84               	incf	4,f
  4547     03E1  0800               	movf	0,w
  4548     03E2  00F7               	movwf	??_timer_isr+1
  4549     03E3  3005               	movlw	5
  4550     03E4  00F0               	movwf	i1___bmul@multiplicand
  4551     03E5  1283               	bcf	3,5	;RP0=0, select bank0
  4552     03E6  1303               	bcf	3,6	;RP1=0, select bank0
  4553     03E7  0820               	movf	timer_isr@i,w
  4554     03E8  158A  2726  118A   	fcall	i1___bmul
  4555     03EB  3EC3               	addlw	(low ((_task_list@my_timer_1ms$F356| 0+3)))& (0+255)
  4556     03EC  0084               	movwf	4
  4557     03ED  1383               	bcf	3,7	;select IRP bank1
  4558     03EE  0800               	movf	0,w
  4559     03EF  00F8               	movwf	??_timer_isr+2
  4560     03F0  0A84               	incf	4,f
  4561     03F1  0800               	movf	0,w
  4562     03F2  00F9               	movwf	??_timer_isr+3
  4563     03F3  0877               	movf	??_timer_isr+1,w
  4564     03F4  0279               	subwf	??_timer_isr+3,w
  4565     03F5  1D03               	skipz
  4566     03F6  2BF9               	goto	u237_25
  4567     03F7  0876               	movf	??_timer_isr,w
  4568     03F8  0278               	subwf	??_timer_isr+2,w
  4569     03F9                     u237_25:
  4570     03F9  1C03               	skipc
  4571     03FA  2BFC               	goto	u237_21
  4572     03FB  2BFD               	goto	u237_20
  4573     03FC                     u237_21:
  4574     03FC  2C1A               	goto	i1l2140
  4575     03FD                     u237_20:
  4576     03FD                     i1l2138:
  4577                           
  4578                           ;my_timer_1ms.c: 54:                     task_list[i].fn();
  4579     03FD  3005               	movlw	5
  4580     03FE  00F0               	movwf	i1___bmul@multiplicand
  4581     03FF  1283               	bcf	3,5	;RP0=0, select bank0
  4582     0400  1303               	bcf	3,6	;RP1=0, select bank0
  4583     0401  0820               	movf	timer_isr@i,w
  4584     0402  158A  2726  118A   	fcall	i1___bmul
  4585     0405  3EC0               	addlw	(low (_task_list@my_timer_1ms$F356| 0))& (0+255)
  4586     0406  0084               	movwf	4
  4587     0407  1383               	bcf	3,7	;select IRP bank1
  4588     0408  0800               	movf	0,w
  4589     0409  118A  2031  118A   	fcall	i1fptable
  4590                           
  4591                           ;my_timer_1ms.c: 55:                     task_list[i].cnt = 0;
  4592     040C  3005               	movlw	5
  4593     040D  00F0               	movwf	i1___bmul@multiplicand
  4594     040E  1283               	bcf	3,5	;RP0=0, select bank0
  4595     040F  1303               	bcf	3,6	;RP1=0, select bank0
  4596     0410  0820               	movf	timer_isr@i,w
  4597     0411  158A  2726  118A   	fcall	i1___bmul
  4598     0414  3EC3               	addlw	(low ((_task_list@my_timer_1ms$F356| 0+3)))& (0+255)
  4599     0415  0084               	movwf	4
  4600     0416  1383               	bcf	3,7	;select IRP bank1
  4601     0417  0180               	clrf	0
  4602     0418  0A84               	incf	4,f
  4603     0419  0180               	clrf	0
  4604     041A                     i1l2140:
  4605                           
  4606                           ;my_timer_1ms.c: 58:         }
  4607     041A  3001               	movlw	1
  4608     041B  1283               	bcf	3,5	;RP0=0, select bank0
  4609     041C  1303               	bcf	3,6	;RP1=0, select bank0
  4610     041D  07A0               	addwf	timer_isr@i,f
  4611     041E                     i1l2142:
  4612     041E  3005               	movlw	5
  4613     041F  0220               	subwf	timer_isr@i,w
  4614     0420  1C03               	skipc
  4615     0421  2C23               	goto	u238_21
  4616     0422  2C24               	goto	u238_20
  4617     0423                     u238_21:
  4618     0423  2BB5               	goto	i1l2134
  4619     0424                     u238_20:
  4620     0424                     i1l241:
  4621                           
  4622                           ;my_timer_1ms.c: 59:         INTCONbits.T0IF = 0;
  4623     0424  110B               	bcf	11,2	;volatile
  4624     0425                     i1l244:
  4625     0425  087D               	movf	??_timer_isr+7,w
  4626     0426  00FF               	movwf	btemp+1
  4627     0427  087C               	movf	??_timer_isr+6,w
  4628     0428  008A               	movwf	10
  4629     0429  087B               	movf	??_timer_isr+5,w
  4630     042A  0084               	movwf	4
  4631     042B  0E7A               	swapf	??_timer_isr+4,w
  4632     042C  0083               	movwf	3
  4633     042D  0EFE               	swapf	btemp,f
  4634     042E  0E7E               	swapf	btemp,w
  4635     042F  0009               	retfie
  4636     0430                     __end_of_timer_isr:
  4637                           
  4638                           	psect	intentry
  4639     0004                     __pintentry:	
  4640                           ;incstack = 0
  4641                           ; Regs used in _timer_isr: [wreg-fsr0h+status,2+status,0+pclath+cstack]
  4642                           
  4643     0004                     interrupt_function:
  4644     007E                     saved_w         set	btemp
  4645     0004  00FE               	movwf	btemp
  4646     0005  0E03               	swapf	3,w
  4647     0006  00FA               	movwf	??_timer_isr+4
  4648     0007  0804               	movf	4,w
  4649     0008  00FB               	movwf	??_timer_isr+5
  4650     0009  080A               	movf	10,w
  4651     000A  00FC               	movwf	??_timer_isr+6
  4652     000B  087F               	movf	btemp+1,w
  4653     000C  00FD               	movwf	??_timer_isr+7
  4654     000D  118A  2BAE         	ljmp	_timer_isr
  4655                           
  4656                           	psect	text25
  4657     0F26                     __ptext25:	
  4658 ;; *************** function i1___bmul *****************
  4659 ;; Defined at:
  4660 ;;		line 4 in file "D:\Program Files\Microchip\xc8\v3.00\pic\sources\c99\common\Umul8.c"
  4661 ;; Parameters:    Size  Location     Type
  4662 ;;  multiplier      1    wreg     unsigned char 
  4663 ;;  multiplicand    1    0[COMMON] unsigned char 
  4664 ;; Auto vars:     Size  Location     Type
  4665 ;;  multiplier      1    2[COMMON] unsigned char 
  4666 ;;  product         1    1[COMMON] unsigned char 
  4667 ;; Return value:  Size  Location     Type
  4668 ;;                  1    wreg      unsigned char 
  4669 ;; Registers used:
  4670 ;;		wreg, status,2, status,0
  4671 ;; Tracked objects:
  4672 ;;		On entry : 0/0
  4673 ;;		On exit  : 0/0
  4674 ;;		Unchanged: 0/0
  4675 ;; Data sizes:     COMMON   BANK0   BANK1   BANK2
  4676 ;;      Params:         1       0       0       0
  4677 ;;      Locals:         2       0       0       0
  4678 ;;      Temps:          0       0       0       0
  4679 ;;      Totals:         3       0       0       0
  4680 ;;Total ram usage:        3 bytes
  4681 ;; Hardware stack levels used: 1
  4682 ;; This function calls:
  4683 ;;		Nothing
  4684 ;; This function is called by:
  4685 ;;		_timer_isr
  4686 ;; This function uses a non-reentrant model
  4687 ;;
  4688                           
  4689     0F26                     i1___bmul:	
  4690                           ;psect for function i1___bmul
  4691                           
  4692                           
  4693                           ;incstack = 0
  4694                           ; Regs used in i1___bmul: [wreg+status,2+status,0]
  4695                           ;i1___bmul@multiplier stored from wreg
  4696     0F26  00F2               	movwf	i1___bmul@multiplier
  4697     0F27                     i1l2064:
  4698     0F27  01F1               	clrf	i1___bmul@product
  4699     0F28                     i1l2066:
  4700     0F28  1C72               	btfss	i1___bmul@multiplier,0
  4701     0F29  2F2B               	goto	u226_21
  4702     0F2A  2F2C               	goto	u226_20
  4703     0F2B                     u226_21:
  4704     0F2B  2F2E               	goto	i1l2070
  4705     0F2C                     u226_20:
  4706     0F2C                     i1l2068:
  4707     0F2C  0870               	movf	i1___bmul@multiplicand,w
  4708     0F2D  07F1               	addwf	i1___bmul@product,f
  4709     0F2E                     i1l2070:
  4710     0F2E  1003               	clrc
  4711     0F2F  0DF0               	rlf	i1___bmul@multiplicand,f
  4712     0F30                     i1l2072:
  4713     0F30  1003               	clrc
  4714     0F31  0CF2               	rrf	i1___bmul@multiplier,f
  4715     0F32  0872               	movf	i1___bmul@multiplier,w
  4716     0F33  1D03               	btfss	3,2
  4717     0F34  2F36               	goto	u227_21
  4718     0F35  2F37               	goto	u227_20
  4719     0F36                     u227_21:
  4720     0F36  2F28               	goto	i1l2066
  4721     0F37                     u227_20:
  4722     0F37                     i1l2074:
  4723     0F37  0871               	movf	i1___bmul@product,w
  4724     0F38                     i1l390:
  4725     0F38  0008               	return
  4726     0F39                     __end_ofi1___bmul:
  4727                           
  4728                           	psect	text26
  4729     0325                     __ptext26:	
  4730 ;; *************** function _debounce *****************
  4731 ;; Defined at:
  4732 ;;		line 4 in file "my_tasks.c"
  4733 ;; Parameters:    Size  Location     Type
  4734 ;;		None
  4735 ;; Auto vars:     Size  Location     Type
  4736 ;;		None
  4737 ;; Return value:  Size  Location     Type
  4738 ;;                  1    wreg      void 
  4739 ;; Registers used:
  4740 ;;		wreg, status,2, status,0
  4741 ;; Tracked objects:
  4742 ;;		On entry : 0/0
  4743 ;;		On exit  : 0/0
  4744 ;;		Unchanged: 0/0
  4745 ;; Data sizes:     COMMON   BANK0   BANK1   BANK2
  4746 ;;      Params:         0       0       0       0
  4747 ;;      Locals:         0       0       0       0
  4748 ;;      Temps:          0       0       0       0
  4749 ;;      Totals:         0       0       0       0
  4750 ;;Total ram usage:        0 bytes
  4751 ;; Hardware stack levels used: 1
  4752 ;; This function calls:
  4753 ;;		Nothing
  4754 ;; This function is called by:
  4755 ;;		_main
  4756 ;;		_timer_isr
  4757 ;; This function uses a non-reentrant model
  4758 ;;
  4759                           
  4760     0325                     _debounce:	
  4761                           ;psect for function _debounce
  4762                           
  4763     0325                     i1l1930:	
  4764                           ;incstack = 0
  4765                           ; Regs used in _debounce: [wreg+status,2+status,0]
  4766                           
  4767                           
  4768                           ;my_tasks.c: 5:     static uint8_t debounceS1 = 0;;my_tasks.c: 6:     static uint8_t deb
      +                          ounceS2 = 0;;my_tasks.c: 7:     static uint8_t debounceS3 = 0;;my_tasks.c: 8:     static
      +                           uint8_t debounceS4 = 0;;my_tasks.c: 11:     if(PORTCbits.RC0 == 1) {
  4769     0325  1283               	bcf	3,5	;RP0=0, select bank0
  4770     0326  1303               	bcf	3,6	;RP1=0, select bank0
  4771     0327  1C07               	btfss	7,0	;volatile
  4772     0328  2B2A               	goto	u185_21
  4773     0329  2B2B               	goto	u185_20
  4774     032A                     u185_21:
  4775     032A  2B3B               	goto	i1l1938
  4776     032B                     u185_20:
  4777     032B                     i1l1932:
  4778                           
  4779                           ;my_tasks.c: 12:         if(debounceS1 == 0) {
  4780     032B  085D               	movf	debounce@debounceS1,w
  4781     032C  1D03               	btfss	3,2
  4782     032D  2B2F               	goto	u186_21
  4783     032E  2B30               	goto	u186_20
  4784     032F                     u186_21:
  4785     032F  2B38               	goto	i1l1936
  4786     0330                     u186_20:
  4787     0330                     i1l1934:
  4788                           
  4789                           ;my_tasks.c: 13:             SYSTEM_RUNNING = !SYSTEM_RUNNING;
  4790     0330  0862               	movf	_SYSTEM_RUNNING,w
  4791     0331  1903               	btfsc	3,2
  4792     0332  2B34               	goto	u187_21
  4793     0333  2B36               	goto	u187_20
  4794     0334                     u187_21:
  4795     0334  3001               	movlw	1
  4796     0335  2B37               	goto	u188_20
  4797     0336                     u187_20:
  4798     0336  3000               	movlw	0
  4799     0337                     u188_20:
  4800     0337  00E2               	movwf	_SYSTEM_RUNNING
  4801     0338                     i1l1936:
  4802                           
  4803                           ;my_tasks.c: 15:         debounceS1 = 100;
  4804     0338  3064               	movlw	100
  4805     0339  00DD               	movwf	debounce@debounceS1
  4806                           
  4807                           ;my_tasks.c: 16:     } else {
  4808     033A  2B42               	goto	i1l1942
  4809     033B                     i1l1938:
  4810                           
  4811                           ;my_tasks.c: 17:         if(debounceS1 > 0){
  4812     033B  085D               	movf	debounce@debounceS1,w
  4813     033C  1903               	btfsc	3,2
  4814     033D  2B3F               	goto	u189_21
  4815     033E  2B40               	goto	u189_20
  4816     033F                     u189_21:
  4817     033F  2B42               	goto	i1l1942
  4818     0340                     u189_20:
  4819     0340                     i1l1940:
  4820                           
  4821                           ;my_tasks.c: 18:             debounceS1--;
  4822     0340  3001               	movlw	1
  4823     0341  02DD               	subwf	debounce@debounceS1,f
  4824     0342                     i1l1942:
  4825                           
  4826                           ;my_tasks.c: 23:     if(PORTCbits.RC1 == 1 && !LOCK_MODE && SYSTEM_RUNNING) {
  4827     0342  1C87               	btfss	7,1	;volatile
  4828     0343  2B45               	goto	u190_21
  4829     0344  2B46               	goto	u190_20
  4830     0345                     u190_21:
  4831     0345  2B60               	goto	i1l1956
  4832     0346                     u190_20:
  4833     0346                     i1l1944:
  4834     0346  0863               	movf	_LOCK_MODE,w
  4835     0347  1D03               	btfss	3,2
  4836     0348  2B4A               	goto	u191_21
  4837     0349  2B4B               	goto	u191_20
  4838     034A                     u191_21:
  4839     034A  2B60               	goto	i1l1956
  4840     034B                     u191_20:
  4841     034B                     i1l1946:
  4842     034B  0862               	movf	_SYSTEM_RUNNING,w
  4843     034C  1903               	btfsc	3,2
  4844     034D  2B4F               	goto	u192_21
  4845     034E  2B50               	goto	u192_20
  4846     034F                     u192_21:
  4847     034F  2B60               	goto	i1l1956
  4848     0350                     u192_20:
  4849     0350                     i1l1948:
  4850                           
  4851                           ;my_tasks.c: 24:         if(debounceS2 == 0) {
  4852     0350  085C               	movf	debounce@debounceS2,w
  4853     0351  1D03               	btfss	3,2
  4854     0352  2B54               	goto	u193_21
  4855     0353  2B55               	goto	u193_20
  4856     0354                     u193_21:
  4857     0354  2B5D               	goto	i1l1954
  4858     0355                     u193_20:
  4859     0355                     i1l1950:
  4860                           
  4861                           ;my_tasks.c: 25:             if(GLOBAL_TEMPERATURE < 50){
  4862     0355  3032               	movlw	50
  4863     0356  0264               	subwf	_GLOBAL_TEMPERATURE,w
  4864     0357  1803               	skipnc
  4865     0358  2B5A               	goto	u194_21
  4866     0359  2B5B               	goto	u194_20
  4867     035A                     u194_21:
  4868     035A  2B5D               	goto	i1l1954
  4869     035B                     u194_20:
  4870     035B                     i1l1952:
  4871                           
  4872                           ;my_tasks.c: 26:                 GLOBAL_TEMPERATURE ++;
  4873     035B  3001               	movlw	1
  4874     035C  07E4               	addwf	_GLOBAL_TEMPERATURE,f
  4875     035D                     i1l1954:
  4876                           
  4877                           ;my_tasks.c: 29:         debounceS2 = 100;
  4878     035D  3064               	movlw	100
  4879     035E  00DC               	movwf	debounce@debounceS2
  4880                           
  4881                           ;my_tasks.c: 30:     } else {
  4882     035F  2B67               	goto	i1l1960
  4883     0360                     i1l1956:
  4884                           
  4885                           ;my_tasks.c: 31:         if(debounceS2 > 0){
  4886     0360  085C               	movf	debounce@debounceS2,w
  4887     0361  1903               	btfsc	3,2
  4888     0362  2B64               	goto	u195_21
  4889     0363  2B65               	goto	u195_20
  4890     0364                     u195_21:
  4891     0364  2B67               	goto	i1l1960
  4892     0365                     u195_20:
  4893     0365                     i1l1958:
  4894                           
  4895                           ;my_tasks.c: 32:             debounceS2--;
  4896     0365  3001               	movlw	1
  4897     0366  02DC               	subwf	debounce@debounceS2,f
  4898     0367                     i1l1960:
  4899                           
  4900                           ;my_tasks.c: 37:     if(PORTCbits.RC2 == 1 && !LOCK_MODE && SYSTEM_RUNNING) {
  4901     0367  1D07               	btfss	7,2	;volatile
  4902     0368  2B6A               	goto	u196_21
  4903     0369  2B6B               	goto	u196_20
  4904     036A                     u196_21:
  4905     036A  2B85               	goto	i1l1974
  4906     036B                     u196_20:
  4907     036B                     i1l1962:
  4908     036B  0863               	movf	_LOCK_MODE,w
  4909     036C  1D03               	btfss	3,2
  4910     036D  2B6F               	goto	u197_21
  4911     036E  2B70               	goto	u197_20
  4912     036F                     u197_21:
  4913     036F  2B85               	goto	i1l1974
  4914     0370                     u197_20:
  4915     0370                     i1l1964:
  4916     0370  0862               	movf	_SYSTEM_RUNNING,w
  4917     0371  1903               	btfsc	3,2
  4918     0372  2B74               	goto	u198_21
  4919     0373  2B75               	goto	u198_20
  4920     0374                     u198_21:
  4921     0374  2B85               	goto	i1l1974
  4922     0375                     u198_20:
  4923     0375                     i1l1966:
  4924                           
  4925                           ;my_tasks.c: 38:         if(debounceS3 == 0) {
  4926     0375  085B               	movf	debounce@debounceS3,w
  4927     0376  1D03               	btfss	3,2
  4928     0377  2B79               	goto	u199_21
  4929     0378  2B7A               	goto	u199_20
  4930     0379                     u199_21:
  4931     0379  2B82               	goto	i1l1972
  4932     037A                     u199_20:
  4933     037A                     i1l1968:
  4934                           
  4935                           ;my_tasks.c: 39:             if(GLOBAL_TEMPERATURE > 10){
  4936     037A  300B               	movlw	11
  4937     037B  0264               	subwf	_GLOBAL_TEMPERATURE,w
  4938     037C  1C03               	skipc
  4939     037D  2B7F               	goto	u200_21
  4940     037E  2B80               	goto	u200_20
  4941     037F                     u200_21:
  4942     037F  2B82               	goto	i1l1972
  4943     0380                     u200_20:
  4944     0380                     i1l1970:
  4945                           
  4946                           ;my_tasks.c: 40:                 GLOBAL_TEMPERATURE --;
  4947     0380  3001               	movlw	1
  4948     0381  02E4               	subwf	_GLOBAL_TEMPERATURE,f
  4949     0382                     i1l1972:
  4950                           
  4951                           ;my_tasks.c: 43:         debounceS3 = 100;
  4952     0382  3064               	movlw	100
  4953     0383  00DB               	movwf	debounce@debounceS3
  4954                           
  4955                           ;my_tasks.c: 44:     } else {
  4956     0384  2B8C               	goto	i1l1978
  4957     0385                     i1l1974:
  4958                           
  4959                           ;my_tasks.c: 45:         if(debounceS3 > 0){
  4960     0385  085B               	movf	debounce@debounceS3,w
  4961     0386  1903               	btfsc	3,2
  4962     0387  2B89               	goto	u201_21
  4963     0388  2B8A               	goto	u201_20
  4964     0389                     u201_21:
  4965     0389  2B8C               	goto	i1l1978
  4966     038A                     u201_20:
  4967     038A                     i1l1976:
  4968                           
  4969                           ;my_tasks.c: 46:             debounceS3--;
  4970     038A  3001               	movlw	1
  4971     038B  02DB               	subwf	debounce@debounceS3,f
  4972     038C                     i1l1978:
  4973                           
  4974                           ;my_tasks.c: 51:     if(PORTCbits.RC3 == 1 && LOCK_MODE && SYSTEM_RUNNING) {
  4975     038C  1D87               	btfss	7,3	;volatile
  4976     038D  2B8F               	goto	u202_21
  4977     038E  2B90               	goto	u202_20
  4978     038F                     u202_21:
  4979     038F  2BA6               	goto	i1l1992
  4980     0390                     u202_20:
  4981     0390                     i1l1980:
  4982     0390  0863               	movf	_LOCK_MODE,w
  4983     0391  1903               	btfsc	3,2
  4984     0392  2B94               	goto	u203_21
  4985     0393  2B95               	goto	u203_20
  4986     0394                     u203_21:
  4987     0394  2BA6               	goto	i1l1992
  4988     0395                     u203_20:
  4989     0395                     i1l1982:
  4990     0395  0862               	movf	_SYSTEM_RUNNING,w
  4991     0396  1903               	btfsc	3,2
  4992     0397  2B99               	goto	u204_21
  4993     0398  2B9A               	goto	u204_20
  4994     0399                     u204_21:
  4995     0399  2BA6               	goto	i1l1992
  4996     039A                     u204_20:
  4997     039A                     i1l1984:
  4998                           
  4999                           ;my_tasks.c: 52:         if(debounceS4 == 0) {
  5000     039A  085A               	movf	debounce@debounceS4,w
  5001     039B  1D03               	btfss	3,2
  5002     039C  2B9E               	goto	u205_21
  5003     039D  2B9F               	goto	u205_20
  5004     039E                     u205_21:
  5005     039E  2BA3               	goto	i1l1990
  5006     039F                     u205_20:
  5007     039F                     i1l1986:
  5008                           
  5009                           ;my_tasks.c: 53:             LOCK_MODE = 0;
  5010     039F  01E3               	clrf	_LOCK_MODE
  5011                           
  5012                           ;my_tasks.c: 54:             FLA_ERROR = 0;
  5013     03A0  01E0               	clrf	_FLA_ERROR
  5014                           
  5015                           ;my_tasks.c: 55:             IGN_ERROR = 0;
  5016     03A1  01E1               	clrf	_IGN_ERROR
  5017     03A2                     i1l1988:
  5018                           
  5019                           ;my_tasks.c: 56:             PORTAbits.RA6 = 0;
  5020     03A2  1305               	bcf	5,6	;volatile
  5021     03A3                     i1l1990:
  5022                           
  5023                           ;my_tasks.c: 58:         debounceS4 = 100;
  5024     03A3  3064               	movlw	100
  5025     03A4  00DA               	movwf	debounce@debounceS4
  5026                           
  5027                           ;my_tasks.c: 59:     } else {
  5028     03A5  2BAD               	goto	i1l174
  5029     03A6                     i1l1992:
  5030                           
  5031                           ;my_tasks.c: 60:         if(debounceS4 > 0){
  5032     03A6  085A               	movf	debounce@debounceS4,w
  5033     03A7  1903               	btfsc	3,2
  5034     03A8  2BAA               	goto	u206_21
  5035     03A9  2BAB               	goto	u206_20
  5036     03AA                     u206_21:
  5037     03AA  2BAD               	goto	i1l174
  5038     03AB                     u206_20:
  5039     03AB                     i1l1994:
  5040                           
  5041                           ;my_tasks.c: 61:             debounceS4--;
  5042     03AB  3001               	movlw	1
  5043     03AC  02DA               	subwf	debounce@debounceS4,f
  5044     03AD                     i1l174:
  5045     03AD  0008               	return
  5046     03AE                     __end_of_debounce:
  5047                           
  5048                           	psect	text27
  5049     0F64                     __ptext27:	
  5050 ;; *************** function _blink *****************
  5051 ;; Defined at:
  5052 ;;		line 66 in file "my_tasks.c"
  5053 ;; Parameters:    Size  Location     Type
  5054 ;;		None
  5055 ;; Auto vars:     Size  Location     Type
  5056 ;;		None
  5057 ;; Return value:  Size  Location     Type
  5058 ;;                  1    wreg      void 
  5059 ;; Registers used:
  5060 ;;		wreg, status,2, status,0
  5061 ;; Tracked objects:
  5062 ;;		On entry : 0/0
  5063 ;;		On exit  : 0/0
  5064 ;;		Unchanged: 0/0
  5065 ;; Data sizes:     COMMON   BANK0   BANK1   BANK2
  5066 ;;      Params:         0       0       0       0
  5067 ;;      Locals:         0       0       0       0
  5068 ;;      Temps:          0       0       0       0
  5069 ;;      Totals:         0       0       0       0
  5070 ;;Total ram usage:        0 bytes
  5071 ;; Hardware stack levels used: 1
  5072 ;; This function calls:
  5073 ;;		Nothing
  5074 ;; This function is called by:
  5075 ;;		_main
  5076 ;;		_timer_isr
  5077 ;; This function uses a non-reentrant model
  5078 ;;
  5079                           
  5080     0F64                     _blink:	
  5081                           ;psect for function _blink
  5082                           
  5083     0F64                     i1l1996:	
  5084                           ;incstack = 0
  5085                           ; Regs used in _blink: [wreg+status,2+status,0]
  5086                           
  5087                           
  5088                           ;my_tasks.c: 67:     if(SYSTEM_RUNNING && !LOCK_MODE) PORTCbits.RC4 = !PORTCbits.RC4;
  5089     0F64  1283               	bcf	3,5	;RP0=0, select bank0
  5090     0F65  1303               	bcf	3,6	;RP1=0, select bank0
  5091     0F66  0862               	movf	_SYSTEM_RUNNING,w
  5092     0F67  1903               	btfsc	3,2
  5093     0F68  2F6A               	goto	u207_21
  5094     0F69  2F6B               	goto	u207_20
  5095     0F6A                     u207_21:
  5096     0F6A  2F7D               	goto	i1l178
  5097     0F6B                     u207_20:
  5098     0F6B                     i1l1998:
  5099     0F6B  0863               	movf	_LOCK_MODE,w
  5100     0F6C  1D03               	btfss	3,2
  5101     0F6D  2F6F               	goto	u208_21
  5102     0F6E  2F70               	goto	u208_20
  5103     0F6F                     u208_21:
  5104     0F6F  2F7D               	goto	i1l178
  5105     0F70                     u208_20:
  5106     0F70                     i1l2000:
  5107     0F70  1003               	clrc
  5108     0F71  1E07               	btfss	7,4	;volatile
  5109     0F72  1403               	setc
  5110     0F73  1803               	btfsc	3,0
  5111     0F74  2F76               	goto	u209_21
  5112     0F75  2F7A               	goto	u209_20
  5113     0F76                     u209_21:
  5114     0F76  1283               	bcf	3,5	;RP0=0, select bank0
  5115     0F77  1303               	bcf	3,6	;RP1=0, select bank0
  5116     0F78  1607               	bsf	7,4	;volatile
  5117     0F79  2F7D               	goto	u210_24
  5118     0F7A                     u209_20:
  5119     0F7A  1283               	bcf	3,5	;RP0=0, select bank0
  5120     0F7B  1303               	bcf	3,6	;RP1=0, select bank0
  5121     0F7C  1207               	bcf	7,4	;volatile
  5122     0F7D                     u210_24:
  5123     0F7D                     i1l178:
  5124     0F7D  0008               	return
  5125     0F7E                     __end_of_blink:
  5126                           
  5127                           	psect	text28
  5128     0430                     __ptext28:	
  5129 ;; *************** function _led_set *****************
  5130 ;; Defined at:
  5131 ;;		line 70 in file "my_tasks.c"
  5132 ;; Parameters:    Size  Location     Type
  5133 ;;		None
  5134 ;; Auto vars:     Size  Location     Type
  5135 ;;		None
  5136 ;; Return value:  Size  Location     Type
  5137 ;;                  1    wreg      void 
  5138 ;; Registers used:
  5139 ;;		wreg, status,2, status,0
  5140 ;; Tracked objects:
  5141 ;;		On entry : 0/0
  5142 ;;		On exit  : 0/0
  5143 ;;		Unchanged: 0/0
  5144 ;; Data sizes:     COMMON   BANK0   BANK1   BANK2
  5145 ;;      Params:         0       0       0       0
  5146 ;;      Locals:         6       0       0       0
  5147 ;;      Temps:          0       0       0       0
  5148 ;;      Totals:         6       0       0       0
  5149 ;;Total ram usage:        6 bytes
  5150 ;; Hardware stack levels used: 1
  5151 ;; This function calls:
  5152 ;;		Nothing
  5153 ;; This function is called by:
  5154 ;;		_main
  5155 ;;		_timer_isr
  5156 ;; This function uses a non-reentrant model
  5157 ;;
  5158                           
  5159     0430                     _led_set:	
  5160                           ;psect for function _led_set
  5161                           
  5162     0430                     i1l2002:	
  5163                           ;incstack = 0
  5164                           ; Regs used in _led_set: [wreg+status,2+status,0]
  5165                           
  5166                           
  5167                           ;my_tasks.c: 71:     PORTBbits.RB7 = LOCK_MODE && SYSTEM_RUNNING;
  5168     0430  01F0               	clrf	_led_set$272
  5169     0431                     i1l2004:
  5170     0431  1283               	bcf	3,5	;RP0=0, select bank0
  5171     0432  1303               	bcf	3,6	;RP1=0, select bank0
  5172     0433  0863               	movf	_LOCK_MODE,w
  5173     0434  1903               	btfsc	3,2
  5174     0435  2C37               	goto	u211_21
  5175     0436  2C38               	goto	u211_20
  5176     0437                     u211_21:
  5177     0437  2C3F               	goto	i1l2010
  5178     0438                     u211_20:
  5179     0438                     i1l2006:
  5180     0438  0862               	movf	_SYSTEM_RUNNING,w
  5181     0439  1903               	btfsc	3,2
  5182     043A  2C3C               	goto	u212_21
  5183     043B  2C3D               	goto	u212_20
  5184     043C                     u212_21:
  5185     043C  2C3F               	goto	i1l2010
  5186     043D                     u212_20:
  5187     043D                     i1l2008:
  5188     043D  3001               	movlw	1
  5189     043E  00F0               	movwf	_led_set$272
  5190     043F                     i1l2010:
  5191     043F  0C70               	rrf	_led_set$272,w
  5192     0440  1C03               	skipc
  5193     0441  1386               	bcf	6,7	;volatile
  5194     0442  1803               	skipnc
  5195     0443  1786               	bsf	6,7	;volatile
  5196     0444                     i1l2012:
  5197                           
  5198                           ;my_tasks.c: 72:     PORTBbits.RB6 = FLA_ERROR && SYSTEM_RUNNING;
  5199     0444  01F1               	clrf	_led_set$273
  5200     0445  0860               	movf	_FLA_ERROR,w
  5201     0446  1903               	btfsc	3,2
  5202     0447  2C49               	goto	u213_21
  5203     0448  2C4A               	goto	u213_20
  5204     0449                     u213_21:
  5205     0449  2C51               	goto	i1l2018
  5206     044A                     u213_20:
  5207     044A                     i1l2014:
  5208     044A  0862               	movf	_SYSTEM_RUNNING,w
  5209     044B  1903               	btfsc	3,2
  5210     044C  2C4E               	goto	u214_21
  5211     044D  2C4F               	goto	u214_20
  5212     044E                     u214_21:
  5213     044E  2C51               	goto	i1l2018
  5214     044F                     u214_20:
  5215     044F                     i1l2016:
  5216     044F  3001               	movlw	1
  5217     0450  00F1               	movwf	_led_set$273
  5218     0451                     i1l2018:
  5219     0451  0C71               	rrf	_led_set$273,w
  5220     0452  1C03               	skipc
  5221     0453  1306               	bcf	6,6	;volatile
  5222     0454  1803               	skipnc
  5223     0455  1706               	bsf	6,6	;volatile
  5224     0456                     i1l2020:
  5225                           
  5226                           ;my_tasks.c: 73:     PORTCbits.RC7 = IGN_ERROR && SYSTEM_RUNNING;
  5227     0456  01F2               	clrf	_led_set$274
  5228     0457  0861               	movf	_IGN_ERROR,w
  5229     0458  1903               	btfsc	3,2
  5230     0459  2C5B               	goto	u215_21
  5231     045A  2C5C               	goto	u215_20
  5232     045B                     u215_21:
  5233     045B  2C63               	goto	i1l2026
  5234     045C                     u215_20:
  5235     045C                     i1l2022:
  5236     045C  0862               	movf	_SYSTEM_RUNNING,w
  5237     045D  1903               	btfsc	3,2
  5238     045E  2C60               	goto	u216_21
  5239     045F  2C61               	goto	u216_20
  5240     0460                     u216_21:
  5241     0460  2C63               	goto	i1l2026
  5242     0461                     u216_20:
  5243     0461                     i1l2024:
  5244     0461  3001               	movlw	1
  5245     0462  00F2               	movwf	_led_set$274
  5246     0463                     i1l2026:
  5247     0463  0C72               	rrf	_led_set$274,w
  5248     0464  1C03               	skipc
  5249     0465  1387               	bcf	7,7	;volatile
  5250     0466  1803               	skipnc
  5251     0467  1787               	bsf	7,7	;volatile
  5252     0468                     i1l2028:
  5253                           
  5254                           ;my_tasks.c: 74:     PORTCbits.RC6 = PORTCbits.RC6 && SYSTEM_RUNNING && (!LOCK_MODE);
  5255     0468  01F3               	clrf	_led_set$275
  5256     0469                     i1l2030:
  5257     0469  1F07               	btfss	7,6	;volatile
  5258     046A  2C6C               	goto	u217_21
  5259     046B  2C6D               	goto	u217_20
  5260     046C                     u217_21:
  5261     046C  2C79               	goto	i1l2038
  5262     046D                     u217_20:
  5263     046D                     i1l2032:
  5264     046D  0862               	movf	_SYSTEM_RUNNING,w
  5265     046E  1903               	btfsc	3,2
  5266     046F  2C71               	goto	u218_21
  5267     0470  2C72               	goto	u218_20
  5268     0471                     u218_21:
  5269     0471  2C79               	goto	i1l2038
  5270     0472                     u218_20:
  5271     0472                     i1l2034:
  5272     0472  0863               	movf	_LOCK_MODE,w
  5273     0473  1D03               	btfss	3,2
  5274     0474  2C76               	goto	u219_21
  5275     0475  2C77               	goto	u219_20
  5276     0476                     u219_21:
  5277     0476  2C79               	goto	i1l2038
  5278     0477                     u219_20:
  5279     0477                     i1l2036:
  5280     0477  3001               	movlw	1
  5281     0478  00F3               	movwf	_led_set$275
  5282     0479                     i1l2038:
  5283     0479  0C73               	rrf	_led_set$275,w
  5284     047A  1C03               	skipc
  5285     047B  1307               	bcf	7,6	;volatile
  5286     047C  1803               	skipnc
  5287     047D  1707               	bsf	7,6	;volatile
  5288     047E                     i1l2040:
  5289                           
  5290                           ;my_tasks.c: 75:     PORTCbits.RC5 = PORTCbits.RC5 && SYSTEM_RUNNING && (!LOCK_MODE);
  5291     047E  01F4               	clrf	_led_set$276
  5292     047F                     i1l2042:
  5293     047F  1E87               	btfss	7,5	;volatile
  5294     0480  2C82               	goto	u220_21
  5295     0481  2C83               	goto	u220_20
  5296     0482                     u220_21:
  5297     0482  2C8F               	goto	i1l2050
  5298     0483                     u220_20:
  5299     0483                     i1l2044:
  5300     0483  0862               	movf	_SYSTEM_RUNNING,w
  5301     0484  1903               	btfsc	3,2
  5302     0485  2C87               	goto	u221_21
  5303     0486  2C88               	goto	u221_20
  5304     0487                     u221_21:
  5305     0487  2C8F               	goto	i1l2050
  5306     0488                     u221_20:
  5307     0488                     i1l2046:
  5308     0488  0863               	movf	_LOCK_MODE,w
  5309     0489  1D03               	btfss	3,2
  5310     048A  2C8C               	goto	u222_21
  5311     048B  2C8D               	goto	u222_20
  5312     048C                     u222_21:
  5313     048C  2C8F               	goto	i1l2050
  5314     048D                     u222_20:
  5315     048D                     i1l2048:
  5316     048D  3001               	movlw	1
  5317     048E  00F4               	movwf	_led_set$276
  5318     048F                     i1l2050:
  5319     048F  0C74               	rrf	_led_set$276,w
  5320     0490  1C03               	skipc
  5321     0491  1287               	bcf	7,5	;volatile
  5322     0492  1803               	skipnc
  5323     0493  1687               	bsf	7,5	;volatile
  5324     0494                     i1l2052:
  5325                           
  5326                           ;my_tasks.c: 76:     PORTCbits.RC4 = PORTCbits.RC4 && SYSTEM_RUNNING && (!LOCK_MODE);
  5327     0494  01F5               	clrf	_led_set$277
  5328     0495                     i1l2054:
  5329     0495  1E07               	btfss	7,4	;volatile
  5330     0496  2C98               	goto	u223_21
  5331     0497  2C99               	goto	u223_20
  5332     0498                     u223_21:
  5333     0498  2CA5               	goto	i1l2062
  5334     0499                     u223_20:
  5335     0499                     i1l2056:
  5336     0499  0862               	movf	_SYSTEM_RUNNING,w
  5337     049A  1903               	btfsc	3,2
  5338     049B  2C9D               	goto	u224_21
  5339     049C  2C9E               	goto	u224_20
  5340     049D                     u224_21:
  5341     049D  2CA5               	goto	i1l2062
  5342     049E                     u224_20:
  5343     049E                     i1l2058:
  5344     049E  0863               	movf	_LOCK_MODE,w
  5345     049F  1D03               	btfss	3,2
  5346     04A0  2CA2               	goto	u225_21
  5347     04A1  2CA3               	goto	u225_20
  5348     04A2                     u225_21:
  5349     04A2  2CA5               	goto	i1l2062
  5350     04A3                     u225_20:
  5351     04A3                     i1l2060:
  5352     04A3  3001               	movlw	1
  5353     04A4  00F5               	movwf	_led_set$277
  5354     04A5                     i1l2062:
  5355     04A5  0C75               	rrf	_led_set$277,w
  5356     04A6  1C03               	skipc
  5357     04A7  1207               	bcf	7,4	;volatile
  5358     04A8  1803               	skipnc
  5359     04A9  1607               	bsf	7,4	;volatile
  5360     04AA                     i1l193:
  5361     04AA  0008               	return
  5362     04AB                     __end_of_led_set:
  5363     0001                     ___latbits      equ	1
  5364     0000                     fptotal         equ	0
  5365     0006                     i1fptotal       equ	6
  5366                           
  5367                           	psect	functab
  5368     0030                     __pfunctab:
  5369     0000                     fpbase          equ	0
  5370     0030                     fptable:
  5371     0030  2830               	goto	fptable	;no entries
  5372     0031                     __i1fptable:
  5373     0031                     i1fptable:
  5374     0031  00FF               	movwf	(btemp+1)& (0+127)
  5375     0032  3000               	movlw	high i1fptable
  5376     0033  008A               	movwf	10
  5377     0034  087F               	movf	(btemp+1)& (0+127),w
  5378     0035  0782               	addwf	2,f
  5379     0036                     i1fpbase:
  5380     0036  2836               	goto	i1fpbase	; Call via a null pointer and you will get stuck here.
  5381     0037                     fp__led_set:
  5382     0037  118A  2C30         	ljmp	_led_set
  5383     0039                     fp__blink:
  5384     0039  158A  2F64         	ljmp	_blink
  5385     003B                     fp__debounce:
  5386     003B  118A  2B25         	ljmp	_debounce
  5387     003D                     __end_of__i1fptable:
  5388     000C                     __size_of__i1fptable equ	__end_of__i1fptable-__i1fptable
  5389     007E                     btemp           set	126	;btemp
  5390     007E                     wtemp0          set	126

Data Sizes:
    Strings     27
    Constant    0
    Data        2
    BSS         96
    Persistent  1
    Stack       0

Auto Spaces:
    Space          Size  Autos    Used
    COMMON           14     14      14
    BANK0            80     53      70
    BANK1            80      0      57
    BANK2            80      0      25

Pointer List with Targets:

    create_task@fn	PTR FTN()void  size(1) Largest target is 1
		 -> blink(), debounce(), led_set(), 

    f$.$buffer	PTR unsigned char  size(2) Largest target is 3
		 -> lcd_print@buf(BANK0[3]), 

    f$.$source	PTR const unsigned char  size(1) Largest target is 0

    fputc@fp	PTR struct _IO_FILE size(2) Largest target is 11
		 -> sprintf@f(BANK0[11]), 

    fputc@fp$.$buffer	PTR unsigned char  size(2) Largest target is 3
		 -> lcd_print@buf(BANK0[3]), 

    fputc@fp$.$source	PTR const unsigned char  size(1) Largest target is 0

    lcd_send_string@str	PTR unsigned char  size(2) Largest target is 12
		 -> lcd_print@buf(BANK0[3]), STR_1(CODE[10]), STR_2(CODE[12]), STR_4(CODE[2]), 

    S23$fn	PTR FTN()void  size(1) Largest target is 1
		 -> blink(), debounce(), led_set(), NULL(NULL[0]), 

    S880$buffer	PTR unsigned char  size(2) Largest target is 3
		 -> lcd_print@buf(BANK0[3]), 

    S880$source	PTR const unsigned char  size(1) Largest target is 0

    sprintf@ap	PTR void [1] size(1) Largest target is 2
		 -> ?_sprintf(BANK0[2]), 

    sprintf@fmt	PTR const unsigned char  size(1) Largest target is 3
		 -> STR_3(CODE[3]), 

    sprintf@s	PTR unsigned char  size(1) Largest target is 3
		 -> lcd_print@buf(BANK0[3]), 

    task_list@my_timer_1ms$F356$fn	PTR FTN()void  size(1) Largest target is 1
		 -> blink(), debounce(), led_set(), NULL(NULL[0]), 

    vfpfcnvrt@ap	PTR PTR void  size(1) Largest target is 1
		 -> sprintf@ap(BANK0[1]), 

    vfpfcnvrt@cp	PTR unsigned char  size(1) Largest target is 3
		 -> STR_3(CODE[3]), 

    vfpfcnvrt@fmt	PTR PTR unsigned char  size(1) Largest target is 1
		 -> vfprintf@cfmt(BANK0[1]), 

    vfpfcnvrt@fp	PTR struct _IO_FILE size(2) Largest target is 11
		 -> sprintf@f(BANK0[11]), 

    vfprintf@ap	PTR PTR void  size(1) Largest target is 1
		 -> sprintf@ap(BANK0[1]), 

    vfprintf@cfmt	PTR unsigned char  size(1) Largest target is 3
		 -> STR_3(CODE[3]), 

    vfprintf@fmt	PTR const unsigned char  size(1) Largest target is 3
		 -> STR_3(CODE[3]), 

    vfprintf@fp	PTR struct _IO_FILE size(2) Largest target is 11
		 -> sprintf@f(BANK0[11]), 


Critical Paths under _main in COMMON

    None.

Critical Paths under _timer_isr in COMMON

    _timer_isr->_led_set

Critical Paths under _main in BANK0

    _main->_lcd_print
    _lcd_print->_sprintf
    _sprintf->_vfprintf
    _vfprintf->_vfpfcnvrt
    _vfpfcnvrt->_fputc
    _lcd_send_string->_lcd_send_byte
    _lcd_clear->_lcd_send_byte
    _lcd_init->_lcd_send_byte
    _lcd_send_byte->_lcd_send_half_byte
    _ignition_system->_adc_100
    _adc_100->___lldiv
    ___lmul->_my_adc
    ___lldiv->___lmul
    _create_task->___bmul

Critical Paths under _timer_isr in BANK0

    None.

Critical Paths under _main in BANK1

    None.

Critical Paths under _timer_isr in BANK1

    None.

Critical Paths under _main in BANK2

    None.

Critical Paths under _timer_isr in BANK2

    None.

Call Graph Tables:

 ---------------------------------------------------------------------------------
 (Depth) Function   	        Calls       Base Space   Used Autos Params    Refs
 ---------------------------------------------------------------------------------
 (0) _main                                                 0     0      0    3116
                           _adc_init
                        _create_task
                    _ignition_system
                           _lcd_init
                          _lcd_print
                          _pins_init
                         _timer_init
 ---------------------------------------------------------------------------------
 (1) _timer_init                                           0     0      0       0
 ---------------------------------------------------------------------------------
 (1) _pins_init                                            0     0      0       0
 ---------------------------------------------------------------------------------
 (1) _lcd_print                                            5     5      0    1942
                                             48 BANK0      5     5      0
                          _lcd_clear
                    _lcd_send_string
                            _sprintf
 ---------------------------------------------------------------------------------
 (2) _sprintf                                             19    15      4    1333
                                             31 BANK0     17    13      4
                           _vfprintf
 ---------------------------------------------------------------------------------
 (3) _vfprintf                                             5     1      4    1128
                                             26 BANK0      5     1      4
                          _vfpfcnvrt
 ---------------------------------------------------------------------------------
 (4) _vfpfcnvrt                                           13     9      4    1003
                                             14 BANK0     12     8      4
                            ___lwdiv
                            ___lwmod
                              _fputc
 ---------------------------------------------------------------------------------
 (5) _fputc                                               13     9      4     230
                                              1 BANK0     13     9      4
                              _putch
 ---------------------------------------------------------------------------------
 (6) _putch                                                1     1      0       0
 ---------------------------------------------------------------------------------
 (5) ___lwmod                                              5     1      4     161
                                              1 BANK0      5     1      4
 ---------------------------------------------------------------------------------
 (5) ___lwdiv                                              7     3      4     164
                                              1 BANK0      7     3      4
 ---------------------------------------------------------------------------------
 (2) _lcd_send_string                                      2     0      2     304
                                              8 BANK0      2     0      2
                      _lcd_send_byte
 ---------------------------------------------------------------------------------
 (2) _lcd_clear                                            2     2      0     255
                                              8 BANK0      2     2      0
                      _lcd_send_byte
 ---------------------------------------------------------------------------------
 (1) _lcd_init                                             3     3      0     399
                                              8 BANK0      3     3      0
                      _lcd_send_byte
                 _lcd_send_half_byte
 ---------------------------------------------------------------------------------
 (3) _lcd_send_byte                                        3     2      1     255
                                              5 BANK0      3     2      1
                 _lcd_send_half_byte
 ---------------------------------------------------------------------------------
 (4) _lcd_send_half_byte                                   4     3      1     144
                                              1 BANK0      4     3      1
 ---------------------------------------------------------------------------------
 (1) _ignition_system                                      6     6      0     477
                                             43 BANK0      6     6      0
                            _adc_100
 ---------------------------------------------------------------------------------
 (2) _adc_100                                              5     5      0     316
                                             38 BANK0      5     5      0
                            ___lldiv
                             ___lmul
                             _my_adc
 ---------------------------------------------------------------------------------
 (3) _my_adc                                              10     8      2      29
                                              1 BANK0     10     8      2
 ---------------------------------------------------------------------------------
 (3) ___lmul                                              13     5      8      94
                                             11 BANK0     13     5      8
                             _my_adc (ARG)
 ---------------------------------------------------------------------------------
 (3) ___lldiv                                             14     6      8     164
                                             24 BANK0     14     6      8
                             ___lmul (ARG)
                             _my_adc (ARG)
 ---------------------------------------------------------------------------------
 (1) _create_task                                          4     1      3     298
                                              4 BANK0      4     1      3
                             ___bmul
 ---------------------------------------------------------------------------------
 (2) ___bmul                                               3     2      1     114
                                              1 BANK0      3     2      1
 ---------------------------------------------------------------------------------
 (1) _adc_init                                             0     0      0       0
 ---------------------------------------------------------------------------------
 Estimated maximum stack depth 6
 ---------------------------------------------------------------------------------
 (Depth) Function   	        Calls       Base Space   Used Autos Params    Refs
 ---------------------------------------------------------------------------------
 (7) _timer_isr                                            9     9      0     409
                                              6 COMMON     8     8      0
                                              0 BANK0      1     1      0
                              _blink *
                           _debounce *
                            _led_set *
                           i1___bmul
 ---------------------------------------------------------------------------------
 (8) i1___bmul                                             3     2      1      87
                                              0 COMMON     3     2      1
 ---------------------------------------------------------------------------------
 (8) _led_set                                              6     6      0     144
                                              0 COMMON     6     6      0
 ---------------------------------------------------------------------------------
 (8) _debounce                                             0     0      0       0
 ---------------------------------------------------------------------------------
 (8) _blink                                                0     0      0       0
 ---------------------------------------------------------------------------------
 Estimated maximum stack depth 8
 ---------------------------------------------------------------------------------

 Call Graph Graphs:

 _main (ROOT)
   _adc_init
   _create_task
     ___bmul
   _ignition_system
     _adc_100
       ___lldiv
         ___lmul (ARG)
           _my_adc (ARG)
         _my_adc (ARG)
       ___lmul
       _my_adc
   _lcd_init
     _lcd_send_byte
       _lcd_send_half_byte
     _lcd_send_half_byte
   _lcd_print
     _lcd_clear
       _lcd_send_byte
     _lcd_send_string
       _lcd_send_byte
     _sprintf
       _vfprintf
         _vfpfcnvrt
           ___lwdiv
           ___lwmod
           _fputc
             _putch
   _pins_init
   _timer_init

 _timer_isr (ROOT)
   _blink *
   _debounce *
   _led_set *
   i1___bmul *

Address spaces:
Name               Size   Autos  Total    Usage
BANK2               80      0      25     31.2%
BITBANK2            80      0       0      0.0%
BANK1               80      0      57     71.2%
BITBANK1            80      0       0      0.0%
BANK0               80     53      70     87.5%
BITBANK0            80      0       0      0.0%
COMMON              14     14      14    100.0%
BITCOMMON           14      0       0      0.0%
DATA                 0      0     166      0.0%
STACK                0      0       0      0.0%


Microchip Technology PIC Macro Assembler V3.00 build 20241204225717 
Symbol Table                                                                                   Mon Jan 20 03:40:08 2025

                                 pc 0002                      ___bmul@product 0022  
                                l71 0114                                  l80 00D6  
                                l74 0098                                  l66 0F63  
                                l83 00E1                                  l78 00B2  
                                l79 0117                      ?_lcd_send_byte 0025  
                      create_task@i 0027                                  fsr 0004  
                  _timer_configured 005F                                 l112 0FDB  
                               l121 01D1                                 l106 05DE  
                               l109 0F99                                 l118 0FFF  
                               l127 051C                                 l400 0582  
                               l216 0F25                                 l228 066E  
                               l272 0717                                 l275 073D  
                               l269 0F13                                 l390 0F4D  
                               l278 0778                                 l378 0626  
                               l644 06F9                                 l654 07B2  
                               l827 07FE                                 l871 0FB8  
                               l864 0286                                 l856 020E  
                               l883 0324                                 l894 07FF  
                     create_task@fn 0024                       create_task@ms 0025  
                               fsr0 0004                                 indf 0000  
                              l1520 06B6                                l1600 01D2  
                              l2080 0675                                l1530 06CC  
                              l1522 06BA                                l1610 01F1  
                              l1602 01E1                                l2090 069C  
                              l2082 0678                                l1540 06EF  
                              l1532 06D0                                l1524 06C0  
                              l1620 0237                                l1612 01FB  
                              l1604 01E5                                l1700 0FB6  
                              l2092 06A4                                l2084 067B  
                              l1710 0FC0                                l1534 06E1  
                              l1526 06C3                                l1542 06F5  
                              l1550 0784                                l1622 023D  
                              l1614 0208                                l1606 01E9  
                              l2094 06AB                                l2086 0686  
                              l2078 066F                                l1704 0741  
                              l1800 01C7                                l1712 0FCA  
                              l1720 0FF1                                l1536 06E7  
                              l1528 06CA                                l1560 07A1  
                              l1552 078B                                l1624 0243  
                              l1616 0210                                l1632 0260  
                              l1608 01ED                                l2096 06B0  
                              l2088 0691                                l1810 0638  
                              l1802 0627                                l1650 0714  
                              l1714 0FDC                                l1538 06E8  
                              l1562 07A8                                l1554 078D  
                              l1546 0779                                l1570 028F  
                              l1626 0255                                l1618 0226  
                              l1634 0269                                l1730 07EA  
                              l1722 07DE                                l1740 0F41  
                              l1660 05ED                                l1652 071B  
                              l1900 00AC                                l1644 0F81  
                              l1708 0FB9                                l1716 0FDD  
                              l1556 0791                                l1548 0781  
                              l1564 07AE                                l1572 0295  
                              l1628 0259                                l1732 07F5  
                              l1724 07E2                                l1820 04B2  
                              l1742 0F43                                l1814 0664  
                              l1670 051D                                l1662 0604  
                              l1646 06FD                                l1910 00C5  
                              l1902 00B3                                l1590 05B4  
                              l1582 0586                                l1718 0FE9  
                              l1558 079B                                l1574 029A  
                              l1638 0271                                l1726 07E6  
                              l1822 04B7                                l1830 04BD  
                              l1750 0F4E                                l1744 0F45  
                              l1736 0F3C                                l1816 0668  
                              l1808 062A                                l1680 054A  
                              l1672 052F                                l1664 060D  
                              l1656 05DF                                l1648 070A  
                              l1920 00F8                                l1912 00E4  
                              l1904 00B5                                l1592 05C6  
                              l1584 058B                                l1576 02B2  
                              l1568 0287                                l1728 07E8  
                              l1840 04D1                                l1832 04C2  
                              l1824 04B8                                l1752 0F56  
                              l1760 0F17                                l1746 0F4C  
                              l1738 0F3D                                l1682 055C  
                              l1674 0532                                l1690 057A  
                              l1666 061E                                l1658 05E9  
                              l1914 00ED                                l1922 0107  
                              l1906 00B7                                l1594 05C7  
                              l1586 0595                                l1578 02E4  
                              l1850 04E5                                l1834 04C7  
                              l1826 04BB                                l1818 04AB  
                              l1754 0F5C                                l1770 0F21  
                              l1762 0F1A                                l1756 0F0B  
                              l1684 056A                                l1676 053D  
                              l1916 00EF                                l1596 05D1  
                              l1588 05A3                                l1780 0149  
                              l1772 0118                                l1860 0509  
                              l1852 04EB                                l1836 04CC  
                              l1764 0F1B                                l1686 056B  
                              l1678 0541                                l1926 0109  
                              l1918 00F5                                l1598 05D4  
                              l1790 018D                                l1782 015A  
                              l1774 0127                                l1694 0F9A  
                              l1862 0512                                l1854 04ED  
                              l1838 04CE                                l1846 04DB  
                              l1766 0F1F                                l1758 0F14  
                              l1688 0574                                l1928 010D  
                              l1880 0071                                l1872 003D  
                              l1792 0194                                l1784 0161  
                              l1776 012E                                l1696 0F9F  
                              l1856 04F0                                l1848 04E0  
                              l1768 0F20                                l1890 0077  
                              l1882 0074                                l1874 003D  
                              l1794 01A5                                l1786 0172  
                              l1778 013F                                l1698 0FAA  
                              l1858 04F9                                l1892 0079  
                              l1876 0054                                l1796 01AF  
                              l1788 017C                                l1878 0058  
                              l1798 01C0                                l1896 0087  
                              l1888 0075                                l1898 00A3  
        __end_of_lcd_send_half_byte 05DF                                STR_1 07CF  
                              STR_2 07C3                                STR_3 07D9  
                              STR_4 07DC                                u1200 06C0  
                              u1201 06BF                                u1220 06D0  
                              u1300 079B                                u1221 06CF  
                              u1301 079A                                u1215 06C4  
                              u1240 06E1                                u1320 07AE  
                              u1400 01E1                                u1241 06E0  
                              u1321 07AD                                u1305 0797  
                              u1401 01E0                                u1330 028F  
                              u1410 01FB                                u1235 06D1  
                              u1315 07A2                                u1331 028E  
                              u1411 01FA                                u1260 06F5  
                              u1340 0295                                u1420 023D  
                              u2300 06B0                                u1501 05F6  
                              u1261 06F4                                u1245 06DD  
                              u1341 0294                                u1421 023C  
                              u2301 06AF                                u1502 05FD  
                              u1270 0781                                u1350 02B2  
                              u1430 0242                                u1503 0604  
                              u1255 06E9                                u1271 0780  
                              u1351 02B1                                u1431 0241  
                              u1600 057A                                u1360 02E4  
                              u1440 025F                                u1601 0579  
                              u1361 02E3                                u1441 025E  
                              u1530 061E                                u1290 0791  
                              u1370 0307                                u1610 0FB6  
                              u1531 061D                                u1515 0606  
                              u1291 0790                                u1611 0FB5  
                              u1540 052F                                u1620 0FFF  
                              u1700 04C7                                u1541 052E  
                              u1525 060E                                u1621 0FFE  
                              u1285 0785                                u1365 02E0  
                              u1701 04C6                                u1630 0F41  
                              u1470 071B                                u1710 04CC  
                              u1631 0F40                                u1471 071A  
                              u1455 0F86                                u2407 0FD7  
                              u1711 04CB                                u1640 0F4C  
                              u1560 0541                                u1800 00C4  
                              u1720 04E0                                u2280 06A4  
                              u1641 0F4B                                u1561 0540  
                              u1465 0702                                u1801 00C3  
                              u1385 05A6                                u2417 0120  
                              u1721 04DF                                u2281 06A3  
                              u1650 0638                                u1490 05ED  
                              u1810 00E1                                u1730 04E5  
                              u2290 06AB                                u1651 0637  
                              u1555 0534                                u1491 05EC  
                              u1811 00E0                                u1395 05B7  
                              u2507 01BC                                u2427 0134  
                              u1731 04E4                                u2291 06AA  
                              u1660 066E                                u1580 055C  
                              u1820 00ED                                u1740 04EB  
                              u1661 066D                                u1581 055B  
                              u1485 0722                                u1821 00EC  
                              u2517 01CD                                u2437 0145  
                              u1741 04EA                                u1830 00F5  
                              u1750 0054                                u1670 04B2  
                              u1575 0543                                u1831 00F4  
                              u1751 0053                                u2527 05CD  
                              u2447 0156                                u1671 04B1  
                              u1840 0113                                u1760 0071  
                              u1680 04B7                                u1585 0558  
                              u1841 0112                                u1761 0070  
                              u2537 05DA                                u2457 0167  
                              u1681 04B6                                u1770 0086  
                              u1690 04C2                                u1595 056C  
                              u2547 0093                                u1771 0085  
                              u1755 0050                                u2467 0178  
                              u1691 04C1                                u1780 00A3  
                              u2557 00D1                                u1781 00A2  
                              u1765 006D                                u2477 0189  
                              u2397 0FC6                                u1790 00AC  
                              u2567 0100                                u1791 00AB  
                              u2487 019A                                u2577 0710  
                              u2497 01AB              lcd_send_half_byte@data 0024  
                              _TMR0 0001                                _dbuf 00A0  
                              _main 066F                                _prec 0057  
                              btemp 007E                    ?_lcd_send_string 0028  
                              start 000F         _task_list@my_timer_1ms$F356 00C0  
                 ___bmul@multiplier 0023                     __end_of_adc_100 0779  
                             ?_main 0070                               _ANSEL 0188  
                   __end_of___lldiv 0583                     __end_of___lwdiv 06FA  
                             i1l241 0424                               i1l244 0425  
                             i1l174 03AD                               i1l193 04AA  
                   __end_of___lwmod 07B3                               i1l178 0F7D  
                             i1l390 0F38                        vfpfcnvrt@fmt 0030  
                             _PORTB 0006                               _PORTC 0007  
                             _TRISA 0085                               _TRISB 0086  
                             _TRISC 0087                 ___lmul@multiplicand 002F  
                      lcd_print@buf 0052                     __end_of_led_set 04AB  
                             _blink 0F64                               _flags 0059  
                             _fputc 0287                               _width 0055  
                             _putch 07FF                               fpbase 0000  
                  __end_ofi1___bmul 0F39                               pclath 000A  
                             status 0003                               wtemp0 007E  
                   __end_of_sprintf 07FF                     __initialization 0011  
                      __end_of_main 06B6                     ??_lcd_send_byte 0026  
                            ??_main 0055                              ?_blink 0070  
                            _ADCON0 001F                              _ADCON1 009F  
                            ?_fputc 0021                              _ADRESH 001E  
                            _ADRESL 009E                              ?_putch 0070  
                  __end_of_adc_init 0F14                              i1l2000 0F70  
                            i1l2010 043F                              i1l2002 0430  
                            i1l2020 0456                              i1l2012 0444  
                            i1l2004 0431                              i1l2030 0469  
                            i1l2022 045C                              i1l2014 044A  
                            i1l2006 0438                              i1l2040 047E  
                            i1l2032 046D                              i1l2024 0461  
                            i1l2016 044F                              i1l2008 043D  
                            i1l2050 048F                              i1l2042 047F  
                            i1l2034 0472                              i1l2026 0463  
                            i1l2018 0451                              i1l2060 04A3  
                            i1l2052 0494                              i1l2044 0483  
                            i1l2036 0477                              i1l2028 0468  
                            i1l2140 041A                              i1l2062 04A5  
                            i1l2054 0495                              i1l2046 0488  
                            i1l2038 0479                              i1l2070 0F2E  
                            i1l2142 041E                              i1l2134 03B5  
                            i1l2126 03AE                              i1l2056 0499  
                            i1l2048 048D                              u200_20 0380  
                            i1l2072 0F30                              i1l2064 0F27  
                            i1l2136 03C3                              i1l2128 03B2  
                            u200_21 037F                              i1l2058 049E  
                            i1l2074 0F37                              i1l2066 0F28  
                            i1l2138 03FD                              i1l2068 0F2C  
                            u201_20 038A                              u201_21 0389  
                            u202_20 0390                              u202_21 038F  
                            i1l1930 0325                              u210_24 0F7D  
                            i1l1940 0340                              i1l1932 032B  
                            i1l1950 0355                              i1l1942 0342  
                            i1l1934 0330                              u211_20 0438  
                            u203_20 0395                              i1l1960 0367  
                            i1l1952 035B                              i1l1944 0346  
                            i1l1936 0338                              u211_21 0437  
                            u203_21 0394                              i1l1970 0380  
                            i1l1962 036B                              i1l1954 035D  
                            i1l1946 034B                              i1l1938 033B  
                            i1l1980 0390                              i1l1972 0382  
                            i1l1964 0370                              i1l1948 0350  
                            i1l1956 0360                              i1l1990 03A3  
                            i1l1982 0395                              i1l1966 0375  
                            i1l1974 0385                              i1l1958 0365  
                            u220_20 0483                              u212_20 043D  
                            i1l1984 039A                              u204_20 039A  
                            i1l1992 03A6                              i1l1976 038A  
                            i1l1968 037A                              u220_21 0482  
                            u212_21 043C                              u204_21 0399  
                            i1l1994 03AB                              i1l1986 039F  
                            i1l1978 038C                              i1l1996 0F64  
                            i1l1988 03A2                              i1l1998 0F6B  
                            u221_20 0488                              u213_20 044A  
                            u205_20 039F                              u221_21 0487  
                            u213_21 0449                              u205_21 039E  
                            u222_20 048D                              u214_20 044F  
                            u206_20 03AB                              u222_21 048C  
                            u214_21 044E                              u206_21 03AA  
                            u223_20 0499                              u215_20 045C  
                            u207_20 0F6B                              u223_21 0498  
                            u215_21 045B                              u207_21 0F6A  
                            u224_20 049E                              u216_20 0461  
                            u208_20 0F70                              u224_21 049D  
                            u216_21 0460                              u208_21 0F6F  
                            u225_20 04A3                              u217_20 046D  
                            u209_20 0F7A                              u225_21 04A2  
                            u217_21 046C                              u209_21 0F76  
                            u218_20 0472                              u226_20 0F2C  
                            u218_21 0471                              u226_21 0F2B  
                            u219_20 0477                              u227_20 0F37  
                            u235_20 03B2                              u219_21 0476  
                            u227_21 0F36                              u235_21 03B1  
                            u236_20 03C3                              u236_21 03C2  
                            u237_20 03FD                              u237_21 03FC  
                            u237_25 03F9                              u190_20 0346  
                            u238_20 0424                              u190_21 0345  
                            u238_21 0423                              u191_20 034B  
                            u191_21 034A                              u192_20 0350  
                            u192_21 034F                              u193_20 0355  
                            u185_20 032B                              u193_21 0354  
                            u185_21 032A                              u194_20 035B  
                            u186_20 0330                              u194_21 035A  
                            u186_21 032F                              u195_20 0365  
                            u187_20 0336                              u195_21 0364  
                            u187_21 0334                              u196_20 036B  
                            u188_20 0337                              u196_21 036A  
                            u197_20 0370                              u189_20 0340  
                            u197_21 036F                              u189_21 033F  
                            u198_20 0375                              u198_21 0374  
                            u199_20 037A                              u199_21 0379  
                        __i1fptable 0031                    __end_of_debounce 03AE  
                      vfprintf@cfmt 003E                    __end_of_lcd_init 01D2  
                         ??_adc_100 0046                              ___bmul 0F39  
                            ___lmul 05DF                           ??___lldiv 0040  
                         ??___lwdiv 0025                           ??___lwmod 0025  
                            _my_adc 06FA                           ??_led_set 0070  
                            fptable 0030                              fputc@c 0021  
                            fptotal 0000                              saved_w 007E  
                            putch@c 0070                    __end_of_vfprintf 0FB9  
                         ??_sprintf 0043             __end_of__initialization 002D  
              lcd_send_half_byte@rs 0021                 ___bmul@multiplicand 0021  
                    __pcstackCOMMON 0070                        __pidataBANK0 0002  
                     __end_of_blink 0F7E                       __end_of_fputc 0325  
                     __end_of_putch 0800                           ?i1___bmul 0070  
                    _OPTION_REGbits 0081                             ??_blink 0070  
                  i1___bmul@product 0071                             ??_fputc 0025  
                           ??_putch 0021                          __pbssBANK0 0055  
                        __pbssBANK1 00A0                          __pbssBANK2 0120  
                        __pmaintext 066F                             ?___bmul 0021  
                _lcd_send_half_byte 0583                             ?___lmul 002B  
                _GLOBAL_TEMPERATURE 0064                          __pintentry 0004  
                    ___lmul@product 0034                             ?_my_adc 0021  
                        ??i1___bmul 0071                           ?_adc_init 0070  
               ?_lcd_send_half_byte 0021                           ?_debounce 0070  
                         ?_lcd_init 0070                          __stringtab 07B3  
                 ??_ignition_system 004B                             i1fpbase 0036  
              ??_lcd_send_half_byte 0022                   __end_of_lcd_clear 0FDC  
                           _adc_100 073E                   __end_of_lcd_print 051D  
                           ___lldiv 051D                             ___lwdiv 06B6  
                           ___lwmod 0779                           ?_vfprintf 003A  
                        ??_adc_init 0021                             __ptext1 0F14  
                           __ptext2 0F4E                             __ptext3 04AB  
                           __ptext4 07DE                             __ptext5 0F9A  
                           __ptext6 01D2                             __ptext7 0287  
                           __ptext8 07FF                             __ptext9 0779  
                         _FLA_ERROR 0060                 __size_of__i1fptable 000C  
                           _led_set 0430                          ??_debounce 0070  
               i1___bmul@multiplier 0072                           _IGN_ERROR 0061  
                           _sprintf 07DE                             clrloop0 0F04  
                        ??_lcd_init 0028                end_of_initialization 002D  
                         _LOCK_MODE 0063                             fputc@fp 0023  
                 __end_of_pins_init 0F64                     ___lldiv@divisor 0038  
                 __end_of_timer_isr 0430                     ___lldiv@counter 0045  
                 __end_of_vfpfcnvrt 0287                    vfpfcnvrt@convarg 0034  
                        ??_vfprintf 003E               __end_of_lcd_send_byte 0F9A  
                        _timer_init 0F14                           _PORTAbits 0005  
                         _PORTBbits 0006                           _PORTCbits 0007  
                        fp__led_set 0037                  lcd_send_string@str 0028  
                    _SYSTEM_RUNNING 0062                       ??_create_task 0027  
                    __end_of___bmul 0F4E                      __end_of___lmul 0627  
                       vfpfcnvrt@ap 0031                         vfpfcnvrt@cp 0038  
                       vfpfcnvrt@fp 002E                      __end_of_my_adc 073E  
                 ??_lcd_send_string 002A                 start_initialization 0011  
                  lcd_print@lcdMode 005E                         vfprintf@fmt 003C  
               __end_of_create_task 066F                            ??___bmul 0022  
                          ??___lmul 0033                           adc_100@ch 004A  
                       __pdataBANK0 0063                            ??_my_adc 0023  
                       ?_timer_init 0070                  __end_of__i1fptable 003D  
                   _ignition_system 003D                           ___latbits 0001  
                     __pcstackBANK0 0020                           __pnvBANK0 0065  
                  ___lwdiv@dividend 0023                    ignition_system@i 004E  
                          ?_adc_100 0070                           __pfunctab 0030  
                   lcd_send_byte@rs 0025                            ?___lldiv 0038  
                ignition_system@tmr 004F                            ?___lwdiv 0021  
                          ?___lwmod 0021                           _lcd_clear 0FB9  
                 lcd_send_byte@data 0027                           __pstrings 07B3  
                         _lcd_print 04AB                            ?_led_set 0070  
                  ___lwdiv@quotient 0025                            ?_sprintf 003F  
                 interrupt_function 0004                         _create_task 0627  
                         clear_ram0 0F03               i1___bmul@multiplicand 0070  
                         _pins_init 0F4E                           _task_list 0120  
                       _led_set$272 0070                         _led_set$273 0071  
                       _led_set$274 0072                         _led_set$275 0073  
                       _led_set$276 0074                         _led_set$277 0075  
                         _timer_isr 03AE             __end_of_ignition_system 0118  
                        ?_lcd_clear 0070                           _vfpfcnvrt 01D2  
                          i1___bmul 0F26                          ?_lcd_print 0070  
                        _ADCON0bits 001F                         __stringbase 07C2  
                        timer_isr@i 0020                            i1fptable 0031  
                        vfpfcnvrt@c 0039                   ___lmul@multiplier 002B  
                          i1fptotal 0006                          ?_pins_init 0070  
                        vfprintf@ap 003D                          vfprintf@fp 003A  
                   _lcd_send_string 0FDC                          ?_timer_isr 0070  
                        ?_vfpfcnvrt 002E                  __end_of__stringtab 07C3  
                          _adc_init 0F0B  _timer_configured@my_timer_1ms$F357 0065  
                        sprintf@fmt 0040                            _debounce 0325  
                   ___lwdiv@divisor 0021                     ___lwdiv@counter 0027  
                          __ptext10 06B6                            __ptext11 0FDC  
                          __ptext20 051D                            __ptext12 0FB9  
                          __ptext21 0627                            __ptext13 0118  
                          __ptext22 0F39                            __ptext14 0F7E  
                          __ptext23 0F0B                            __ptext15 0583  
                          __ptext24 03AE                            __ptext16 003D  
                          __ptext25 0F26                            __ptext17 073E  
                          __ptext26 0325                            __ptext18 06FA  
                          __ptext27 0F64                            __ptext19 05DF  
                          __ptext28 0430                            _lcd_init 0118  
                          fp__blink 0039                            _vfprintf 0F9A  
                  ?_ignition_system 0070                         ??_lcd_clear 0028  
                      ??_timer_init 0021                         ??_lcd_print 0050  
                        _INTCONbits 000B                            intlevel1 0030  
                         sprintf@ap 0044                    ___lwmod@dividend 0023  
                          my_adc@ch 002A                    ___lldiv@dividend 003C  
           __end_of_lcd_send_string 1000                  __end_of_timer_init 0F26  
                         stringcode 07BD                         ??_pins_init 0021  
                       ??_timer_isr 0076                         ??_vfpfcnvrt 0032  
                     _lcd_send_byte 0F7E                            sprintf@f 0045  
                          sprintf@s 003F                    ___lldiv@quotient 0041  
                   ___lwmod@divisor 0021                     ___lwmod@counter 0025  
                          stringdir 07BD                            stringtab 07B3  
                       fp__debounce 003B                        ?_create_task 0024  
                debounce@debounceS1 005D                  debounce@debounceS2 005C  
                debounce@debounceS3 005B                  debounce@debounceS4 005A  
